ID_registro;archivo_origen;Código;Num Informe;AAA;ALA;Unidad Hidrográfica;Zona;Coo. Este;Coo. Norte;Fecha Inicio de Identificación;Fecha Fin de Identificación;Departamento;Provincia;Distrito;Tipo Fuente Contaminante;Naturaleza FC;Cuerpo Agua;Caudal (l/s);Volumen (m³)
33309;Fuentes contaminantes_Cuenca Casma 137596.xlsx;137596_AR_MU_07;006-2014;Huarmey Chicama;Casma Huarmey;Cuenca Casma;17;829183;8947049;08/05/2014;08/05/2014;ANCASH;CASMA;YAUTAN;Municipales;Aguas Residuales;Río Casma;0.0;0.0
33310;Fuentes contaminantes_Cuenca Casma 137596.xlsx;137596_AR_MU_04;006-2014;Huarmey Chicama;Casma Huarmey;Cuenca Casma;18;185680;8948853;07/05/2014;07/05/2014;ANCASH;HUARAZ;COCHABAMBA;Municipales;Aguas Residuales;Otros Quebrada Huille Capchu Huaiin;0.0;0.0
33311;Fuentes contaminantes_Cuenca Casma 137596.xlsx;137596_AR_MU_05;044-2013;Huarmey Chicama;Casma Huarmey;Cuenca Casma;18;185394;8948345;04/07/2013;04/07/2013;ANCASH;HUARAZ;COCHABAMBA;Municipales;Aguas Residuales;Río  Acrun;3.0;0.0
33312;Fuentes contaminantes_Cuenca Casma 137596.xlsx;137596_AR_DO_01;044-2013;Huarmey Chicama;Casma Huarmey;Cuenca Casma;18;195240;8944600;02/07/2013;02/07/2013;ANCASH;HUARAZ;PARIACOTO;Domésticas;Aguas Residuales;Río Chacchan;1.0;0.0
33313;Fuentes contaminantes_Cuenca Casma 137596.xlsx;137596_AR_MU_03;044-2013;Huarmey Chicama;Casma Huarmey;Cuenca Casma;18;190948;8943243;02/07/2013;02/07/2013;ANCASH;HUARAZ;PARIACOTO;Municipales;Aguas Residuales;Río Chacchan;1.0;0.0
33314;Fuentes contaminantes_Cuenca Casma 137596.xlsx;137596_AR_MU_06;006-2014;Huarmey Chicama;Casma Huarmey;Cuenca Casma;18;181725;8941822;08/05/2014;08/05/2014;ANCASH;HUARAZ;PARIACOTO;Municipales;Aguas Residuales;Río Chacchan;0.0;0.0
33315;Fuentes contaminantes_Cuenca Casma 137596.xlsx;137596_AR_MU_01;006-2014;Huarmey Chicama;Casma Huarmey;Cuenca Casma;18;208230;8942745;02/04/2014;02/04/2014;ANCASH;HUARAZ;PIRA;Municipales;Aguas Residuales;Quebrada Tinco;0.0;0.0
33316;Fuentes contaminantes_Cuenca Casma 137596.xlsx;137596_AR_MU_02;044-2013;Huarmey Chicama;Casma Huarmey;Cuenca Casma;18;205082;8942007;25/06/2013;25/06/2013;ANCASH;HUARAZ;PIRA;Municipales;Aguas Residuales;Quebrada Yupanca;0.0;0.0
33317;Fuentes contaminantes_Cuenca Casma 137596.xlsx;137596_AR_DO_03;006-2014;Huarmey Chicama;Casma Huarmey;Cuenca Casma;17;797284;8951066;09/05/2014;09/05/2014;ANCASH;CASMA;CASMA;Domésticas;Aguas Residuales;Río Casma;0.0;0.0
33318;Fuentes contaminantes_Cuenca Casma 137596.xlsx;137596_AR_MU_10;044-2013;Huarmey Chicama;Casma Huarmey;Cuenca Casma;17;806887;8955953;12/06/2013;12/06/2013;ANCASH;CASMA;BUENA VISTA ALTA;Municipales;Aguas Residuales;Otros Quebrada no Nominada;3.0;0.0
33319;Fuentes contaminantes_Cuenca Casma 137596.xlsx;137596_AR_DO_02;006-2014;Huarmey Chicama;Casma Huarmey;Cuenca Casma;17;824959;8967586;09/05/2014;09/05/2014;ANCASH;YUNGAY;QUILLO;Domésticas;Aguas Residuales;Río Sechín;0.0;0.0
33320;Fuentes contaminantes_Cuenca Casma 137596.xlsx;137596_AR_MU_08;006-2014;Huarmey Chicama;Casma Huarmey;Cuenca Casma;17;824710;8967570;09/05/2014;09/05/2014;ANCASH;YUNGAY;QUILLO;Municipales;Aguas Residuales;Río Sechín;16.3;0.0
33321;Fuentes contaminantes_Cuenca Casma 137596.xlsx;137596_AR_MU_09;044-2013;Huarmey Chicama;Casma Huarmey;Cuenca Casma;17;824692;8967538;12/06/2013;12/06/2013;ANCASH;YUNGAY;QUILLO;Municipales;Aguas Residuales;Otros Quebrada Huantaruran;4.0;0.0
33322;Fuentes contaminantes_cuenca Fortaleza.xlsx;137592_AR_MU_020;0036-2023;Cañete Fortaleza;Barranca;Cuenca Fortaleza;18;233083;8866358;03/05/2023;05/05/2023;ANCASH;BOLOGNESI;HUAYLLACAYAN;Municipales;Aguas Residuales;Otros Quebrada Huamanhuaye;2.5;0.0
33323;Fuentes contaminantes_cuenca Fortaleza.xlsx;137592_AR_DO_01;019-2016;Cañete Fortaleza;Barranca;Cuenca Fortaleza;18;243776;8874451;25/04/2016;27/04/2016;ANCASH;BOLOGNESI;CAJACAY;Domésticas;Aguas Residuales;Otros Quebrada Fortaleza;0.3;0.0
33324;Fuentes contaminantes_cuenca Fortaleza.xlsx;137592_AR_MU_02;019-2016;Cañete Fortaleza;Barranca;Cuenca Fortaleza;18;243069;8875363;25/04/2016;27/04/2016;ANCASH;BOLOGNESI;CAJACAY;Municipales;Aguas Residuales;Otros Quebrada Fortaleza;0.3;0.0
33325;Fuentes contaminantes_cuenca Fortaleza.xlsx;137592_AR_MU_12;019-2016;Cañete Fortaleza;Barranca;Cuenca Fortaleza;18;229934;8876384;25/04/2016;27/04/2016;ANCASH;BOLOGNESI;CAJACAY;Municipales;Aguas Residuales;Río Fortaleza;0.0;0.0
33326;Fuentes contaminantes_cuenca Fortaleza.xlsx;137592_AR_DO_02;019-2016;Cañete Fortaleza;Barranca;Cuenca Fortaleza;18;217079;8864512;25/04/2016;27/04/2016;ANCASH;BOLOGNESI;COLQUIOC;Domésticas;Aguas Residuales;Río Fortaleza;0.5;0.0
33327;Fuentes contaminantes_cuenca Fortaleza.xlsx;137592_AR_MU_04;019-2016;Cañete Fortaleza;Barranca;Cuenca Fortaleza;18;212829;8858614;25/04/2016;27/04/2016;ANCASH;BOLOGNESI;COLQUIOC;Municipales;Aguas Residuales;Río Fortaleza;2.0;0.0
33328;Fuentes contaminantes_cuenca Fortaleza.xlsx;137592_AR_MU_15;019-2016;Cañete Fortaleza;Barranca;Cuenca Fortaleza;18;228640;8864312;25/04/2016;27/04/2016;ANCASH;BOLOGNESI;COLQUIOC;Municipales;Aguas Residuales;Otros Quebrada San Lucas;0.0;0.0
33329;Fuentes contaminantes_cuenca Fortaleza.xlsx;137592_AR_MU_16;019-2016;Cañete Fortaleza;Barranca;Cuenca Fortaleza;18;221294;8860389;25/04/2016;27/04/2016;ANCASH;BOLOGNESI;COLQUIOC;Municipales;Aguas Residuales;Río Purísima;0.0;0.0
33330;Fuentes contaminantes_cuenca Fortaleza.xlsx;137592_AR_MU_021;0036-2023;Cañete Fortaleza;Barranca;Cuenca Fortaleza;18;212152;8857739;03/05/2023;05/05/2023;ANCASH;BOLOGNESI;COLQUIOC;Municipales;Aguas Residuales;Río Fortaleza;1.5;0.0
33331;Fuentes contaminantes_cuenca Fortaleza.xlsx;137592_AR_MU_17;019-2016;Cañete Fortaleza;Barranca;Cuenca Fortaleza;18;227753;8851927;25/04/2016;27/04/2016;ANCASH;OCROS;SAN PEDRO;Municipales;Aguas Residuales;Río Copa;0.0;0.0
33332;Fuentes contaminantes_cuenca Fortaleza.xlsx;137592_AR_MU_18;019-2016;Cañete Fortaleza;Barranca;Cuenca Fortaleza;18;227040;8846413;25/04/2016;27/04/2016;ANCASH;OCROS;SAN PEDRO;Municipales;Aguas Residuales;Quebrada Choque;0.0;0.0
33333;Fuentes contaminantes_cuenca Fortaleza.xlsx;137592_AR_MU_06;0036-2023;Cañete Fortaleza;Barranca;Cuenca Fortaleza;18;221993;8887027;25/04/2016;27/04/2016;ANCASH;RECUAY;HUAYLLAPAMPA;Municipales;Aguas Residuales;Río Huayllapampa;1.5;0.0
33334;Fuentes contaminantes_cuenca Fortaleza.xlsx;137592_AR_MU_09;019-2016;Cañete Fortaleza;Barranca;Cuenca Fortaleza;18;219986;8872265;25/04/2016;27/04/2016;ANCASH;RECUAY;LLACLLIN;Municipales;Aguas Residuales;Río Fortaleza;3.0;0.0
33335;Fuentes contaminantes_cuenca Fortaleza.xlsx;137592_AR_MU_13;019-2016;Cañete Fortaleza;Barranca;Cuenca Fortaleza;18;219735;8870919;25/04/2016;27/04/2016;ANCASH;RECUAY;LLACLLIN;Municipales;Aguas Residuales;Río Fortaleza;0.0;0.0
33336;Fuentes contaminantes_cuenca Fortaleza.xlsx;137592_AR_MU_03;019-2016;Cañete Fortaleza;Barranca;Cuenca Fortaleza;18;228259;8876539;25/04/2016;27/04/2016;ANCASH;RECUAY;MARCA;Municipales;Aguas Residuales;Río Fortaleza;3.0;0.0
33337;Fuentes contaminantes_cuenca Fortaleza.xlsx;137592_AR_MU_07;0036-2023;Cañete Fortaleza;Barranca;Cuenca Fortaleza;18;228675;8883595;25/04/2016;27/04/2016;ANCASH;RECUAY;MARCA;Municipales;Aguas Residuales;Quebrada Alizo;2.0;0.0
33338;Fuentes contaminantes_cuenca Fortaleza.xlsx;137592_AR_MU_08;0036-2023;Cañete Fortaleza;Barranca;Cuenca Fortaleza;18;228496;8883396;25/04/2016;27/04/2016;ANCASH;RECUAY;MARCA;Municipales;Aguas Residuales;Río Marca;2.0;0.0
33339;Fuentes contaminantes_cuenca Fortaleza.xlsx;137592_AR_MU_05;0036-2023;Cañete Fortaleza;Barranca;Cuenca Fortaleza;18;241800;8876747;25/04/2016;27/04/2016;ANCASH;RECUAY;PAMPAS CHICO;Municipales;Aguas Residuales;Río Fortaleza;0.0;0.3
33340;Fuentes contaminantes_cuenca Fortaleza.xlsx;137592_AR_MU_019;0036-2023;Cañete Fortaleza;Barranca;Cuenca Fortaleza;18;239912;8878699;03/05/2023;05/05/2023;ANCASH;RECUAY;PAMPAS CHICO;Municipales;Aguas Residuales;Otros Quebrada Tanac Ruri;2.5;0.0
33341;Fuentes contaminantes_cuenca Fortaleza.xlsx;137592_AR_MU_14;019-2016;Cañete Fortaleza;Barranca;Cuenca Fortaleza;18;218416;8866989;25/04/2016;27/04/2016;ANCASH;RECUAY;PARARIN;Municipales;Aguas Residuales;Río Fortaleza;0.0;0.0
33342;Fuentes contaminantes_cuenca Fortaleza.xlsx;137592_AR_MU_022;0036-2023;Cañete Fortaleza;Barranca;Cuenca Fortaleza;18;192840;8822676;03/05/2023;05/05/2023;LIMA;BARRANCA;PARAMONGA;Municipales;Aguas Residuales;Río Fortaleza;1.5;0.0
33343;Fuentes contaminantes_cuenca Huarmey.xlsx;137594_RS_GP_01;100-2023;Huarmey Chicama;Casma Huarmey;Cuenca Huarmey;18;205990;8927668;17/03/2022;17/03/2022;ANCASH;AIJA;LA MERCED;Gestión no municipal - peligrosos;Residuos Sólidos;Otros Quebrada Montecristo;0.0;0.0
33344;Fuentes contaminantes_cuenca Huarmey.xlsx;137594_AR_MM_02;100-2023;Huarmey Chicama;Casma Huarmey;Cuenca Huarmey;18;206173;8926941;17/03/2022;17/03/2022;ANCASH;AIJA;LA MERCED;Minero Metalúrgicas;Aguas Residuales;Otros Quebrada Montecristo;0.0;0.0
33345;Fuentes contaminantes_cuenca Huarmey.xlsx;137594_AR_MM_03;100-2023;Huarmey Chicama;Casma Huarmey;Cuenca Huarmey;18;206240;8926792;17/03/2022;17/03/2022;ANCASH;AIJA;LA MERCED;Minero Metalúrgicas;Aguas Residuales;Otros Quebrada Montecristo;0.1;0.0
33346;Fuentes contaminantes_cuenca Huarmey.xlsx;137594_AR_MM_04;100-2023;Huarmey Chicama;Casma Huarmey;Cuenca Huarmey;18;205658;8926552;17/03/2022;17/03/2022;ANCASH;AIJA;LA MERCED;Minero Metalúrgicas;Aguas Residuales;Otros Quebrada Huinac;0.2;0.0
33347;Fuentes contaminantes_cuenca Huarmey.xlsx;137594_RS_GP_02;100-2023;Huarmey Chicama;Casma Huarmey;Cuenca Huarmey;18;206415;8925336;18/03/2022;18/03/2022;ANCASH;AIJA;LA MERCED;Gestión no municipal - peligrosos;Residuos Sólidos;Otros Quebrada Huinac;0.0;0.0
33348;Fuentes contaminantes_cuenca Huarmey.xlsx;137594_AR_MU_01;100-2023;Huarmey Chicama;Casma Huarmey;Cuenca Huarmey;18;213663;8917975;23/03/2022;23/03/2022;ANCASH;AIJA;AIJA;Municipales;Aguas Residuales;Otros Quebrada Santiago;6.0;0.0
33349;Fuentes contaminantes_cuenca Huarmey.xlsx;137594_AR_MU_02;100-2023;Huarmey Chicama;Casma Huarmey;Cuenca Huarmey;18;216624;8894213;24/03/2022;24/03/2022;ANCASH;RECUAY;COTAPARACO;Municipales;Aguas Residuales;Otros Río Cotaparaco;5.0;0.0
