ID_registro,Titular,Proyecto,Tipo de uso,Volumen acreditado (m³/año),Fuente de agua,Resolución,Fecha de resolución,Autoridad Administrativa del Agua,Administración Local de Agua,Unidad hidrográfica,Provincia,Distrito
41269,MUNICIPALIDAD DISTRITAL DE HUACLLÁN,"MEJORAMIENTO DEL SERVICIO DE PROVISIÓN DE AGUA PARA RIEGO EN EL CANAL DE RIEGO EN LOS SECTORES CANTU, LUYAC ALLPA Y CRUZ HIRCA DISTRITO DE HUACLLAN DE LA PROVINCIA DE AIJA DEL DEPARTAMENTO DE ANCASH ""CUI 2651287""",Agrícola,1 494 490.00,Quebrada Ulltec,RA 062-2024 ANA-AAA.HCH-ALA.CHUARMEY,09/08/2024,Huarmey Chicama,Casma Huarmey,Cuenca Huarmey,Aija,Huacllan
41270,MUNICIPALIDAD DISTRITAL DE QUILLO,MEJORAMIENTO Y AMPLIACION DEL SERVICIO DE AGUA POTABLE RURAL Y CREACION DEL SERVICIO DE ALCANTARILLADO U OTRAS FORMAS DE DISPOSICIÓN SANITARIA DE EXCRETAS EN EL ANEXO MARCOPAMPA DEL DISTRITO DE QUILLO DE LA PROVINCIA DE YUNGAY DEL DEPARTAMENTO DE ANCASH,Poblacional,3 793.00,Manantial Cachi puquio,RA 063-2024 ANA-AAA.HCH-ALA.CHUARMEY,09/08/2024,Huarmey Chicama,Casma Huarmey,Cuenca Casma,Yungay,Quillo
41271,MUNICIPALIDAD DISTRITAL DE QUILLO,MEJORAMIENTO Y AMPLIACION DEL SERVICIO DE AGUA POTABLE RURAL Y CREACION DEL SERVICIO DE ALCANTARILLADO U OTRAS FORMAS DE DISPOSICIÓN SANITARIA DE EXCRETAS EN EL ANEXO MARCOPAMPA DEL DISTRITO DE QUILLO DE LA PROVINCIA DE YUNGAY DEL DEPARTAMENTO DE ANCASH,Poblacional,5 368.00,Manantial Escalon puquio,RA 063-2024 ANA-AAA.HCH-ALA.CHUARMEY,09/08/2024,Huarmey Chicama,Casma Huarmey,Cuenca Casma,Yungay,Quillo
41272,MUNICIPALIDAD DISTRITAL DE QUILLO,MEJORAMIENTO Y AMPLIACION DEL SERVICIO DE AGUA POTABLE RURAL Y CREACION DEL SERVICIO DE ALCANTARILLADO U OTRAS FORMAS DE DISPOSICIÓN SANITARIA DE EXCRETAS EN EL AÑEXO DE PAÑOPAMPA DEL CASERIO DEL DE CANCHIRAO DISTRITO DE QUILLO DE LA PROVINCIA DE YUNG,Poblacional,6 622.53,Manantial LUCMA YACU,RA 0101-2026 ANA-AAA.HCH-ALA.CHUARMEY,07/05/2026,Huarmey Chicama,Casma Huarmey,Cuenca Casma,Yungay,Quillo
41273,MUNICIPALIDAD DISTRITAL DE QUILLO,MEJORAMIENTO Y AMPLIACION DEL SERVICIO DE AGUA POTABLE RURAL Y CREACION DEL SERVICIO DE ALCANTARILLADO U OTRAS FORMAS DE DISPOSICIÓN SANITARIA DE EXCRETAS EN EL AÑEXO DE PAÑOPAMPA DEL CASERIO DEL DE CANCHIRAO DISTRITO DE QUILLO DE LA PROVINCIA DE YUNG,Poblacional,5 991.87,Manantial LAURIL PAMPA,RA 0101-2026 ANA-AAA.HCH-ALA.CHUARMEY,07/05/2026,Huarmey Chicama,Casma Huarmey,Cuenca Casma,Yungay,Quillo
41274,MUNICIPALIDAD DISTRITAL DE YAUTAN,CREACION DEL SERVICIO DE AGUA POTABLE RURAL Y CREACION DEL SERVICIO DE ALCANTARILLADO U OTRAS FORMAS DE DISPOSICION SANITARIA DE EXCRETAS EN EL PUEBLO JOVEN SHUPTAC DISTRITO DE YAUTAN DE LA PROVINCIA DE CASMA DEL DEPARTAMENTO DE ANCASH,Poblacional,7 568.67,Manantial El Zorro,RA 0015-2025 -ANA-AAA.HCH-ALA.CHUARMEY,04/02/2026,Huarmey Chicama,Casma Huarmey,Cuenca Casma,Casma,Yautan
41275,MUNICIPALIDAD DISTRITAL DE PARIACOTO,"""MEJORAMIENTO Y AMPLIACION DEL SERVICIO DE AGUA POTABLE RURAL EN EL CASERIO DE TANIN DISTRITO DE PARIACOTO DE LA PROVINCIA DE HUARAZ DEL DEPARTAMENTO DE ANCASH"".",Poblacional,9 460.80,Manantial Pachucuta,RA 0031-2025 -ANA-AAA.HCH-ALA.CHUARMEY,05/03/2025,Huarmey Chicama,Casma Huarmey,Cuenca Casma,Huaraz,Pariacoto
41276,MUNICIPALIDAD DISTRITAL DE ACO,MEJORAMIENTO DEL SERVICIO DE PROVISION DE AGUA PARA RIEGO EN LOS SECTORES DE CONTADERA Y YANAURAN EN EL CASERIO DE SAN ISIDRO DISTRITO DE ACO DE LA PROVINCIA DE CORONGO DEL DEPARTAMENTO DE ANCASH,Agrícola,73 610.00,Manantial Paccha Grande,RA 392-2025 ANA-AAA.HCH-ALA.HZ,08/09/2025,Huarmey Chicama,Huaraz,Cuenca Santa,Corongo,Aco
41277,JUNTA ADMINISTRADORA DE SERVICIO DE SANEAMIENTO - JASS PORTUGAL,"Mejoramiento y Ampliación del Servicio de Agua Potable y Disposición Sanitaria de Excretas en el Barrio de Union Bellavista, caserío de Tambo, San Lorenzo y el Barrio Portugal, Distrito de Santo Toribio de la Provincia de Huaylas del Departamento de A",Poblacional,2 464.23,Manantial URPEPUQUIO,RA 0060-2024  ANA-AAA.HCH-ALA.HZ,10/08/2024,Huarmey Chicama,Huaraz,Cuenca Santa,Huaylas,Santo Toribio
41278,JUNTA ADMINISTRADORA DE SERVICIO DE SANEAMIENTO - JASS PORTUGAL,"Mejoramiento y Ampliación del Servicio de Agua Potable y Disposición Sanitaria de Excretas en el Barrio de Union Bellavista, caserío de Tambo, San Lorenzo y el Barrio Portugal, Distrito de Santo Toribio de la Provincia de Huaylas del Departamento de A",Poblacional,2 754.36,Manantial AMPIT,RA 0060-2024  ANA-AAA.HCH-ALA.HZ,10/08/2024,Huarmey Chicama,Huaraz,Cuenca Santa,Huaylas,Santo Toribio
41279,JUNTA ADMINISTRADORA DE SERVICIO DE SANEAMIENTO - JASS PORTUGAL,"Mejoramiento y Ampliación del Servicio de Agua Potable y Disposición Sanitaria de Excretas en el Barrio de Union Bellavista, caserío de Tambo, San Lorenzo y el Barrio Portugal, Distrito de Santo Toribio de la Provincia de Huaylas del Departamento de A",Poblacional,5 882.06,Manantial PUMACOCHA,RA 0060-2024  ANA-AAA.HCH-ALA.HZ,10/08/2024,Huarmey Chicama,Huaraz,Cuenca Santa,Huaylas,Santo Toribio
41280,JUNTA ADMINISTRADORA DE SERVICIO Y SANEAMIENTO - JASS BELLAVISTA,"MEJORAMIENTO Y AMPLIACIÓN DEL SERVICIO DE AGUA POTABLE Y DISPOSICIÓN SANITARIA DE EXCRETAS EN EL BARRIO DE UNION BELLAVISTA, CASERÍO DE TAMBO, SAN LORENZO Y EL BARRIO PORTUGAL DISTRITO DE SANTO TORIBIO DE LA PROVINCIA DE HUAYLAS DEL DEPARTAMENTO DE AN",Poblacional,2 415.00,Manantial Quitacocha,RA 0059-2024 ANA-AAA.HCH-ALA.HZ,10/08/2024,Huarmey Chicama,Huaraz,Cuenca Santa,Huaylas,Santo Toribio
41281,JUNTA ADMINISTRADORA DE SERVICIO Y SANEAMIENTO - JASS BELLAVISTA,"MEJORAMIENTO Y AMPLIACIÓN DEL SERVICIO DE AGUA POTABLE Y DISPOSICIÓN SANITARIA DE EXCRETAS EN EL BARRIO DE UNION BELLAVISTA, CASERÍO DE TAMBO, SAN LORENZO Y EL BARRIO PORTUGAL DISTRITO DE SANTO TORIBIO DE LA PROVINCIA DE HUAYLAS DEL DEPARTAMENTO DE AN",Poblacional,13 305.79,Manantial ALISO,RA 0059-2024 ANA-AAA.HCH-ALA.HZ,10/08/2024,Huarmey Chicama,Huaraz,Cuenca Santa,Huaylas,Santo Toribio
41282,MUNICIPALIDAD DISTRITAL DE YURACMARCA,MEJORAMIENTO Y AMPLIACION DEL SERVICIO DE AGUA POTABLE RURAL Y MEJORAMIENTO Y AMPLIACION DEL SERVICIO DE ALCANTARILLADO U OTRAS FORMAS DE DISPOSICIÓN SANITARIA DE EXCRETAS EN LA LOCALIDAD DE PACHMA DEL DISTRITO DE YURACMARCA DE LA PROVINCIA DE HUAYLAS D,Poblacional,23 810.81,Manantial Ogjopampa 1,RA 0144-2025 ANA-AAA.HCH-ALA.HZ,07/03/2025,Huarmey Chicama,Huaraz,Cuenca Santa,Huaylas,Yuracmarca
41283,MUNICIPALIDAD DISTRITAL DE YURACMARCA,MEJORAMIENTO Y AMPLIACION DEL SERVICIO DE AGUA POTABLE RURAL Y MEJORAMIENTO Y AMPLIACION DEL SERVICIO DE ALCANTARILLADO U OTRAS FORMAS DE DISPOSICIÓN SANITARIA DE EXCRETAS EN LA LOCALIDAD DE PACHMA DEL DISTRITO DE YURACMARCA DE LA PROVINCIA DE HUAYLAS D,Poblacional,19 255.14,Manantial Ogjopampa 2,RA 0144-2025 ANA-AAA.HCH-ALA.HZ,07/03/2025,Huarmey Chicama,Huaraz,Cuenca Santa,Huaylas,Yuracmarca
41284,MUNICIPALIDAD DISTRITAL DE YURACMARCA,MEJORAMIENTO Y AMPLIACION DEL SERVICIO DE AGUA POTABLE RURAL Y MEJORAMIENTO Y AMPLIACION DEL SERVICIO DE ALCANTARILLADO U OTRAS FORMAS DE DISPOSICIÓN SANITARIA DE EXCRETAS EN LA LOCALIDAD DE PACHMA DEL DISTRITO DE YURACMARCA DE LA PROVINCIA DE HUAYLAS D,Poblacional,17 798.48,Manantial Ogjopampa 3,RA 0144-2025 ANA-AAA.HCH-ALA.HZ,07/03/2025,Huarmey Chicama,Huaraz,Cuenca Santa,Huaylas,Yuracmarca
41285,MUNICIPALIDAD DISTRITAL DE CATAC,CREACION DEL SERVICIO DE AGUA POTABLE RURAL Y CREACION DEL SERVICIO DE ALCANTARILLADO U OTRAS FORMAS DE DISPOSICION SANITARIA DE EXCRETAS EN EL CASERIO JATUN WISHCA EN EL DISTRITO DE CATAC DE LA PROVINCIA DE RECUAY DEL DEPARTAMENTO DE ANCASH,Poblacional,,Manantial PACHAC 01,RA 0021-2024 ANA-AAA-HCH-ALA-HUARAZ,10/04/2024,Huarmey Chicama,Huaraz,Cuenca Santa,Recuay,Catac
41286,MUNICIPALIDAD DISTRITAL DE CATAC,CREACION DEL SERVICIO DE AGUA POTABLE RURAL Y CREACION DEL SERVICIO DE ALCANTARILLADO U OTRAS FORMAS DE DISPOSICION SANITARIA DE EXCRETAS EN EL CASERIO JATUN WISHCA EN EL DISTRITO DE CATAC DE LA PROVINCIA DE RECUAY DEL DEPARTAMENTO DE ANCASH,Poblacional,,Manantial PACHAC 02,RA 0021-2024 ANA-AAA-HCH-ALA-HUARAZ,10/04/2024,Huarmey Chicama,Huaraz,Cuenca Santa,Recuay,Catac
41287,MUNICIPALIDAD DISTRITAL DE CATAC,CREACION DEL SERVICIO DE AGUA POTABLE RURAL Y CREACION DEL SERVICIO DE ALCANTARILLADO U OTRAS FORMAS DE DISPOSICION SANITARIA DE EXCRETAS EN EL CASERIO JATUN WISHCA EN EL DISTRITO DE CATAC DE LA PROVINCIA DE RECUAY DEL DEPARTAMENTO DE ANCASH,Poblacional,,Manantial PACHAC 03,RA 0021-2024 ANA-AAA-HCH-ALA-HUARAZ,10/04/2024,Huarmey Chicama,Huaraz,Cuenca Santa,Recuay,Catac
41288,COMITE DE RIEGO TECNIFICADO OCSHARUTUNA,MEJORAMIENTO DEL SERVICIO DE PROVISIÓN DE AGUA PARA RIEGO EN EL CASERIO DE OCSHARUTUNA MEDIANTE ELE SITEMA DE RIEGO TECNIFICADO DE CENTRO POBLADO SANTA CASA DISTRITO DE INDEPENDENCIA DE LA PROVINCIA DE HUARAZ DEL DEPARTAMENTO DE ANCASH,Agrícola,5 301.50,Manantial OCSHARUTUNA III,RA 0020-2024 ANA-AAA-HCH-ALA-HUARAZ,10/04/2024,Huarmey Chicama,Huaraz,Cuenca Santa,Huaraz,Independencia
41289,JUNTA ADMINISTRADORA DE SERVICIOS DE SANEAMIENTO (JASS PARIACACA),"“MEJORAMIENTO y AMPLIACION DEL SERVICIO DE AGUA POTABLE RURAL Y MEJORAMIENTO Y AMPLIACION DEL SERVICIO DE ALCANTARILLADO U OTRAS FORMAS DE DISPOSICIÓN SANITARIA DE EXCRETAS EN EL CASERÍO DE PARIACACA DEL DISTRITO DE CARHUAZ DE LA
PROVINCIA DE CARHUAZ",Poblacional,19 829.66,Manantial UCHUYACUTA1,RA  0048-202 ANA-AAA.HCH-ALA.HZ,10/07/2024,Huarmey Chicama,Huaraz,Cuenca Santa,Carhuaz,Carhuaz
41290,JUNTA ADMINISTRADORA DE SERVICIOS DE SANEAMIENTO (JASS PARIACACA),"“MEJORAMIENTO y AMPLIACION DEL SERVICIO DE AGUA POTABLE RURAL Y MEJORAMIENTO Y AMPLIACION DEL SERVICIO DE ALCANTARILLADO U OTRAS FORMAS DE DISPOSICIÓN SANITARIA DE EXCRETAS EN EL CASERÍO DE PARIACACA DEL DISTRITO DE CARHUAZ DE LA
PROVINCIA DE CARHUAZ",Poblacional,26 067.15,Manantial UCHUYACUTA 2,RA  0048-202 ANA-AAA.HCH-ALA.HZ,10/07/2024,Huarmey Chicama,Huaraz,Cuenca Santa,Carhuaz,Carhuaz
41291,JUNTA ADMINISTRADORA DE SERVICIOS DE SANEAMIENTO (JASS) DEL CASERIO DE URPAY ALTO,MEJORAMIENTO DEL SERVICIO DE AGUA POTABLE RURAL Y CREACION DEL SERVICIO DE ALCANTARILLADO U OTRAS FORMAS DE DISPOSICIÓN SANITARIA DE EXCRETAS EN EL SISTEMA DE SANEAMIENTO BASICO DEL SECTOR CARAHUAIN DEL CENTRO POBLADO ATIPAYAN DISTRITO DE INDEPENDENCIA,Poblacional,1 518.74,Manantial Carahuain 01,RA 477-2025 ANA-AAA.HCH-ALA.HZ,10/11/2025,Huarmey Chicama,Huaraz,Cuenca Santa,Huaraz,Independencia
41292,JUNTA ADMINISTRADORA DE SERVICIOS DE SANEAMIENTO (JASS) DEL CASERIO DE URPAY ALTO,MEJORAMIENTO DEL SERVICIO DE AGUA POTABLE RURAL Y CREACION DEL SERVICIO DE ALCANTARILLADO U OTRAS FORMAS DE DISPOSICIÓN SANITARIA DE EXCRETAS EN EL SISTEMA DE SANEAMIENTO BASICO DEL SECTOR CARAHUAIN DEL CENTRO POBLADO ATIPAYAN DISTRITO DE INDEPENDENCIA,Poblacional,569.53,Manantial Carahuain 02,RA 477-2025 ANA-AAA.HCH-ALA.HZ,10/11/2025,Huarmey Chicama,Huaraz,Cuenca Santa,Huaraz,Independencia
41293,COMITE JASS CASERIO DE MULLACA,"MEJORAMIENTO Y AMPLIACION DEL SERVICIO DE AGUA POTABLE RURAL PARA EL CASERIO DE MULLACA CENTRO POBLADO BUENOS AIRES DISTRITO
DE TARICA DEPARTAMENTO DE ANCASH",Poblacional,9 236.24,Manantial Uyok Rara,RA 564-2025 ANA-AAA.HCH-ALA.HZ,11/12/2025,Huarmey Chicama,Huaraz,Cuenca Santa,Huaraz,Tarica
41294,JUNTA ADMINISTRADORA DE SERVICIO DE SANEAMIENTO DEL CASERIO DE OCSHARUTUNA,"MEJORAMIENTO DEL SERVICIO DEL SISTEMA DE AGUA POTABLE RURAL Y CREACIÓN DE ALCANTARILLADO U OTRAS FORMAS DE DISPOSICIÓN SANITARIA DE EXCRETAS EN EL CASERÍO DE OCSHAROTUNA DEL CENTRO POBLADO DE SANTA CASA, DISTRITO DE INDEPENDENCIA - PROVINCIA DE HUARAZ",Poblacional,5 834.13,Manantial Jatun Mio Alto,RA 563-2025 ANA-AAA.HCH-ALA.HZ,11/12/2025,Huarmey Chicama,Huaraz,Cuenca Santa,Huaraz,Independencia
41295,JUNTA ADMINISTRADORA DE SERVICIO DE SANEAMIENTO DEL CASERIO DE OCSHARUTUNA,"MEJORAMIENTO DEL SERVICIO DEL SISTEMA DE AGUA POTABLE RURAL Y CREACIÓN DE ALCANTARILLADO U OTRAS FORMAS DE DISPOSICIÓN SANITARIA DE EXCRETAS EN EL CASERÍO DE OCSHAROTUNA DEL CENTRO POBLADO DE SANTA CASA, DISTRITO DE INDEPENDENCIA - PROVINCIA DE HUARAZ",Poblacional,1 103.73,Manantial Jatun Mio Bajo,RA 563-2025 ANA-AAA.HCH-ALA.HZ,11/12/2025,Huarmey Chicama,Huaraz,Cuenca Santa,Huaraz,Independencia
41296,MUNICIPALIDAD DISTRITAL DE MARCARA,"MEJORAMIENTO Y AMPLIACION DEL SERVICIO DE AGUA POTABLE RURAL EN LOS BARRIOS DE QUINREYCANCHA, LA FLORIDA Y LA LOCALIDAD DE MARCARA DISTRITO DE MARCARA DE LA PROVINCIA DE CARHUAZ DEL DEPARTAMENTO DE ANCASH",Poblacional,134 343.33,Quebrada CONDORMARCA,RA 067-2026 ANA-AAA.HCH-ALA.HZ,02/02/2026,Huarmey Chicama,Huaraz,Cuenca Santa,Carhuaz,Marcara
41297,MUNICIPALIDAD PROVINCIAL DE YUNGAY,MEJORAMIENTO Y AMPLIACION DEL SERVICIO DE AGUA POTABLE RURAL Y CREACION DEL SERVICIO DE ALCANTARILLADO U OTRAS FORMAS DE DISPOSICION SANITARIA DE EXCRETAS EN EL SISTEMA DE SANEAMIENTO DE LOS CASERIOS DE UTCUSH Y TULLPA DEL DISTRITO DE YUNGAY DE LA PROVIN,Poblacional,8 514.00,Manantial UTCUSH 2,RA 0123-2024 ANA-AAA.HCH-ALA.HZ,12/11/2024,Huarmey Chicama,Huaraz,Cuenca Santa,Yungay,Yungay
41298,JUNTA ADMINISTRADORA DE SERVICIO DE SANEAMIENTO DEL CASERIO DE JINUA,MEJORAMIENTO Y AMPLIACION DEL SERVICIO DEL SISTEMA DE AGUA POTABLE Y ALCANTARILLADO U OTRAS FORMAS DE DISPOSICION SANITARIA DE EXCRETAS EN LA LOCALIDAD DE JINUA Y EL BARRIO DE CHEQUIO DISTRITO DE INDEPENDENCIA - PROVINCIA DE HUARAZ - DEPARTAMENTO DE ANCA,Poblacional,17 180.60,Manantial Quishuar Cuta,RA 0172-2024 ANA-AAA.HCH-ALA.HZ,10/12/2024,Huarmey Chicama,Huaraz,Cuenca Santa,Huaraz,Independencia
41299,JASS CONIPA CHICO,CREACION DEL SERVICIO DE AGUA POTABLE Y DEL SERVICIO DE ALCANTARILLADO SANITARIO EN EL CENTRO POBLADO  DE CONOPA CHICO -DISTRITO DE PUEBLO LIBRE-PROVINCIA DE HUAYLAS -REGION ANCASH,Poblacional,4 182.00,Quebrada PUCA TORRE,RA 0172-2024 ANA-AAA.HCH-ALA.HZ,10/12/2024,Huarmey Chicama,Huaraz,Cuenca Santa,Huaylas,Pueblo Libre
41300,MUNICIPALIDAD DISTRITAL DE ACOPAMPA,MEJORAMIENTO DEL SERVICIO DE PROVICION DE AGUA PARA RIEGO EN CANAL MONTAÑAS DE CENTRO POBLADO DE NUNOCOTO  DISTRITO DE ACOPAMPA DE LA PROVINCIA DE CARHUAZ DEL DEPARTAMENTO DE ANCASH,Agrícola,4 470 920.00,Río CHUCCHUN,RA 0170-2024 ANA-AAA.HCH-ALA.HZ,10/12/2024,Huarmey Chicama,Huaraz,Cuenca Santa,Carhuaz,Acopampa
41301,MUNICIPALIDAD DISTRITAL DE ACOPAMPA,MEJORAMIENTO DEL SERVICIO DE PROVISION DE AGUA PARA RIEGO EN EL SECTOR CHAKACUCHO-TARAPAMPA DE CENTRO POBLADO OBRAJE  DISTRITO DE ACOPAMPA DE LA PROVINCIA DE CARHUAZ DEL DEPARTAMENTO DE ANCASH,Agrícola,243 146.00,Río CHUCCHUN,RA 186-2024 ANA-AAA.HCH-ALA.HZ,12/12/2024,Huarmey Chicama,Huaraz,Cuenca Santa,Carhuaz,Acopampa
41302,ALLENDE ELIAS GOMEZ RAMIREZ,"Mejoramiento del Servicio de Provisión de Agua para Riego en Sistema de Riego en el Sector Oncoycancha Pinahuasi de centro Poblado Macashca distrito de Huaraz, de la provincia de Huaraz, del departamento de Ancash",Agrícola,,Río Pariac,RA 201-2025 ANA-AAA.HCH-ALA.HZ,06/05/2025,Huarmey Chicama,Huaraz,Cuenca Santa,Huaraz,Huaraz
41303,JUNTA ADMINISTRADORA DE SERVICIOS DE SANEAMIENTO (JASS PARIACACA),"“MEJORAMIENTO y AMPLIACION DEL SERVICIO DE AGUA POTABLE RURAL Y MEJORAMIENTO Y AMPLIACION DEL SERVICIO DE ALCANTARILLADO U OTRAS FORMAS DE DISPOSICIÓN SANITARIA DE EXCRETAS EN EL CASERÍO DE PARIACACA DEL DISTRITO DE CARHUAZ DE LA
PROVINCIA DE CARHUAZ",Poblacional,9 309.72,Manantial UCHUYACUTA 3,RA  0048-202 ANA-AAA.HCH-ALA.HZ,10/07/2024,Huarmey Chicama,Huaraz,Cuenca Santa,Carhuaz,Carhuaz
41304,JUNTA ADMINISTRADORA DE SERVICIOS DE SANEAMIENTO (JASS) DEL CASERIO DE ACLLA,"CONSTRUCCIÓN DE CAPTACION DE AGUA, LINEA DE CONDUCCIÓN Y RESEVORIO, EN EL (LA) SISTEMA DE AGUA POTABLE RURAL, EN EL CASERIO DE ACLLA , C.P DE MONTERREY, DISTRITO DE INDEPENDENCIA, PROVINCIA DE HUARAZ, DEPARTAMENTO DE ANCASH.",Poblacional,26 633.00,Manantial Ishque Huanca Pachan,RA 047-2024 ANA-AAA.HCH-ALA.HZ,10/07/2024,Huarmey Chicama,Huaraz,Cuenca Santa,Huaraz,Huaraz
41305,JUNTA ADMINISTRADORA DE SERVICIOS DE SANEAMIENTO (JASS PARIACACA),"“MEJORAMIENTO y AMPLIACION DEL SERVICIO DE AGUA POTABLE RURAL Y MEJORAMIENTO Y AMPLIACION DEL SERVICIO DE ALCANTARILLADO U OTRAS FORMAS DE DISPOSICIÓN SANITARIA DE EXCRETAS EN EL CASERÍO DE PARIACACA DEL DISTRITO DE CARHUAZ DE LA
PROVINCIA DE CARHUAZ",Poblacional,5 027.24,Manantial SHONQUILPAMPA 1,RA  0048-202 ANA-AAA.HCH-ALA.HZ,10/07/2024,Huarmey Chicama,Huaraz,Cuenca Santa,Carhuaz,Carhuaz
41306,JUNTA ADMINISTRADORA DE SERVICIOS DE SANEAMIENTO JASS DEL CENTRO POBLADO DE HUAMARIN ALTO,"MEJORAMIENTO Y AMPLIACION DEL SISTEMA DE AGUA POTABLE Y UNIDAD BASICA DE SANEAMIENTO (UBS) EN EL SECTOR DE HUAMARIN ALTO, DEL CENTRO POBLADO DE HUAMARIN, DISTRITO DE HUARAZ - PROVINCIA HUARAZ - DEPARTAMENTO DE ANCASH.",Poblacional,3 971.00,Manantial PUYHUAN,RA 0075-2024 ANA-AAA.HCH-ALA.HZ,10/09/2024,Huarmey Chicama,Huaraz,Cuenca Santa,Huaraz,Huaraz
41307,JUNTA ADMINISTRADORA DE SERVICIOS DE SANEAMIENTO JASS DEL CENTRO POBLADO DE HUAMARIN ALTO,"MEJORAMIENTO Y AMPLIACION DEL SISTEMA DE AGUA POTABLE Y UNIDAD BASICA DE SANEAMIENTO (UBS) EN EL SECTOR DE HUAMARIN ALTO, DEL CENTRO POBLADO DE HUAMARIN, DISTRITO DE HUARAZ - PROVINCIA HUARAZ - DEPARTAMENTO DE ANCASH.",Poblacional,1 587.00,Manantial Puyhuan Quita Ruri,RA 0075-2024 ANA-AAA.HCH-ALA.HZ,10/09/2024,Huarmey Chicama,Huaraz,Cuenca Santa,Huaraz,Huaraz
41308,MUNICIPALIDAD PROVINCIAL DE YUNGAY,MEJORAMIENTO Y AMPLIACION DEL SERVICIO DE AGUA POTABLE RURAL Y CREACION DEL SERVICIO DE ALCANTARILLADO U OTRAS FORMAS DE DISPOSICION SANITARIA DE EXCRETAS EN EL SISTEMA DE SANEAMIENTO DE LOS CASERIOS DE UTCUSH Y TULLPA DEL DISTRITO DE YUNGAY DE LA PROVIN,Poblacional,25 232.00,Manantial UTCUSH 1,RA 0123-2024 ANA-AAA.HCH-ALA.HZ,12/11/2024,Huarmey Chicama,Huaraz,Cuenca Santa,Yungay,Yungay
41309,EUSEBIO PABLO YPARRAGUIRRE MURILLO,"Creación del Sistema de Riego Hatun Huaylla - Poblazon - Cushpata, San Miguel, Distrito de Chingalpo - Sihuas - Ancash",Agrícola,110 882.30,Manantial Aguasarca,RD 0495-2023 ANA-AAA.M,10/07/2025,Marañón,Pomabamba,Intercuenca Alto Marañón V,Sihuas,Chingalpo
41310,DEYVIS FAUSTO SILVESTRE VELÁSQUEZ,"Creación del Sistema
de Riego de la población de Cilindre Distrito de San Juan - Provincia de Sihuas - Departamento
de Ancash",Agrícola,41 415.84,Quebrada Corazón (Cachca),RD 0032-2024 ANA-AAA.M,10/01/2024,Marañón,Pomabamba,Intercuenca Alto Marañón V,Sihuas,San Juan
41311,PERCY ROBER LLANOS AYALA,"Mejoramiento y Ampliación del Servicio de Agua Potable Rural y Creación del
Servicio de Alcantarillado u otras Formas de Disposición Sanitaria de Excretas en el Caserío
de Ranca, distrito de Fidel Olivas Escudero de la provincia de Mariscal Luzuriaga",Poblacional,7 064.06,Manantial Ututu,RD 0256-2024 ANA-AAA.M,12/03/2024,Marañón,Pomabamba,Intercuenca Alto Marañón V,Mariscal Luzuriaga,Fidel Olivas Escudero
41312,PERCY ROBERT LLANOS AYALA,"MEJORAMIENTO Y
AMPLIACIÓN DEL SERVICIO DE AGUA POTABLE E INSTALACIÓN DE UBS EN EL
CASERÍO DE TURUNA Y LOS SECTORES DE COMAS, RANRA JIRKA Y UCHIZA EN EL
CENTRO POBLADO DE PARCO DISTRITO DE FIDEL OLIVAS ESCUDERO - PROVINCIA
DE MARISCAL LUZURIAGA – DEP",Poblacional,7 884.00,Manantial Llulla Yacu,RD 0503-2024 ANA-AAA.M,09/05/2024,Marañón,Pomabamba,Intercuenca Alto Marañón V,Mariscal Luzuriaga,Fidel Olivas Escudero
41313,PERCY ROBERT LLANOS AYALA,"MEJORAMIENTO Y
AMPLIACIÓN DEL SERVICIO DE AGUA POTABLE E INSTALACIÓN DE UBS EN EL
CASERÍO DE TURUNA Y LOS SECTORES DE COMAS, RANRA JIRKA Y UCHIZA EN EL
CENTRO POBLADO DE PARCO DISTRITO DE FIDEL OLIVAS ESCUDERO - PROVINCIA
DE MARISCAL LUZURIAGA – DEP",Poblacional,23 021.28,Manantial Huaganco,RD 0503-2024 ANA-AAA.M,09/05/2024,Marañón,Pomabamba,Intercuenca Alto Marañón V,Mariscal Luzuriaga,Fidel Olivas Escudero
41314,ALEJANDRO CRESPÍN IZAGUIRRE CARRILLO,"Creación del Servicio de provisión de Agua para Riego en el caserío de Maraybamba, del distrito de Sihuas, provincia de Sihuas del departamento de Ancash",Agrícola,,Río Ullucutay,RD 0021-2025 ANA-AAA.M,06/01/2025,Marañón,Pomabamba,Intercuenca Alto Marañón V,Sihuas,Sihuas
41315,FABIAN PAREDES BERNABÉ (PRESIDENTE DE COMITÉ DE BARRIO INTEROCEÁNICO – SIHUAS),"Creación del Servicio de agua potable y saneamiento del Barrio Interoceánico, Distrito y Provincia de Sihuas, Departamento de Ancash",Poblacional,,Manantial Achpe,RD 0026-2025 ANA-AAA.M,06/01/2025,Marañón,Pomabamba,Intercuenca Alto Marañón V,Sihuas,Cashapampa
41316,MUNICIPALIDAD DISTRITAL DE RAGASH,"Creación del servicio de provisión de agua para riego en el centro poblado Manta, distrito Ragash de la provincia de Sihuas del departamento de Ancash",Agrícola,,Río Relave,RD 0140-2025 ANA-AAA.M,04/02/2025,Marañón,Pomabamba,Intercuenca Alto Marañón V,Sihuas,Ragash
41317,MUNICIPALIDAD DISTRITAL DE HUAYLLABAMBA,CREACIÓN DEL CANAL DE RIEGO EN EL ANEXO AHIJADERO DEL DISTRITO DE HUAYLLABAMBA – PROVINCIA DE SIHUAS – DEPARTAMENTO DE ÁNCASH,Agrícola,,Quebrada CHORRO,RD 0456-2025 ANA-AAA.M,11/04/2025,Marañón,Pomabamba,Intercuenca Alto Marañón V,Sihuas,Huayllabamba
41318,EMILIANO JACINTO LIÑAN MEZA,"Instalación de Sistema de Riego en los Sectores de Patao, Jatun Rumi y Chajarro en la Localidad de Umbe, Distrito de Sicsibamba, Provincia de Sihuas, Región Áncash",Agrícola,,Quebrada ASHNUPOTRERO,RD 0875-2025 ANA-AAA.M,10/07/2025,Marañón,Pomabamba,Intercuenca Alto Marañón V,Sihuas,Sicsibamba
41319,MACEDONIO MORALES PASCO,"Ampliación del Servicio de Agua Potable Urbano y
Mejoramiento del Servicio de Tratamiento de Aguas Residuales para Disposición Final en la
Localidad de Yauya - Distrito de Yauya de la Provincia de Carlos Fermín Fitzcarrald del
Departamento de Ancash",Poblacional,8 235.30,Manantial Chaupijirca 01,RD 1104-2024 ANA-AAA.M,12/08/2024,Marañón,Pomabamba,Intercuenca Alto Marañón V,Carlos Fermin Fitzcarrald,Yauya
41320,MACEDONIO MORALES PASCO,"Ampliación del Servicio de Agua Potable Urbano y
Mejoramiento del Servicio de Tratamiento de Aguas Residuales para Disposición Final en la
Localidad de Yauya - Distrito de Yauya de la Provincia de Carlos Fermín Fitzcarrald del
Departamento de Ancash",Poblacional,15 549.69,Manantial Chaupijirca 02,RD 1104-2024 ANA-AAA.M,12/08/2024,Marañón,Pomabamba,Intercuenca Alto Marañón V,Carlos Fermin Fitzcarrald,Yauya
41321,MACEDONIO MORALES PASCO,"Ampliación del Servicio de Agua Potable Urbano y
Mejoramiento del Servicio de Tratamiento de Aguas Residuales para Disposición Final en la
Localidad de Yauya - Distrito de Yauya de la Provincia de Carlos Fermín Fitzcarrald del
Departamento de Ancash",Poblacional,6 500.14,Manantial Chaupijirca 03,RD 1104-2024 ANA-AAA.M,12/08/2024,Marañón,Pomabamba,Intercuenca Alto Marañón V,Carlos Fermin Fitzcarrald,Yauya
41322,MACEDONIO MORALES PASCO,"Ampliación del Servicio de Agua Potable Urbano y
Mejoramiento del Servicio de Tratamiento de Aguas Residuales para Disposición Final en la
Localidad de Yauya - Distrito de Yauya de la Provincia de Carlos Fermín Fitzcarrald del
Departamento de Ancash",Poblacional,8 188.79,Manantial Chaupijirca 04,RD 1104-2024 ANA-AAA.M,12/08/2024,Marañón,Pomabamba,Intercuenca Alto Marañón V,Carlos Fermin Fitzcarrald,Yauya
41323,JUAN ANDRÉS VALVERDE CHAUCA,"Creación del servicio de agua para consumo humano en el barrio de Pillurumi de la localidad de Gantu, Distrito de Casca de la Provincia de Mariscal Luzuriaga del Departamento de Ancash",Poblacional,,Manantial Yurajyacu 1,RD 0015-2025 ANA-AAA.M,06/01/2025,Marañón,Pomabamba,Intercuenca Alto Marañón V,Mariscal Luzuriaga,Casca
41324,EUSTAQUIO FÉLIX GIRALDO VERGARAY,"Creación de pequeño sistema de riego Ututupampa, distrito de Pomabamba, provincia de Pomabamba, departamento de Ancash",Agrícola,,Manantial Tauripatullpunan 2,RD 0133-2026 ANA-AAA.M,10/02/2026,Marañón,Pomabamba,Intercuenca Alto Marañón V,Pomabamba,Pomabamba
41325,EUSTAQUIO FÉLIX GIRALDO VERGARAY,"Creación de pequeño sistema de riego Ututupampa, distrito de Pomabamba, provincia de Pomabamba, departamento de Ancash",Agrícola,,Manantial Tauripatullpunan 3,RD 0133-2026 ANA-AAA.M,10/02/2026,Marañón,Pomabamba,Intercuenca Alto Marañón V,Pomabamba,Pomabamba
41326,MUNICIPALIDAD PROVINCIAL DE POMABAMBA,"MEJORAMIENTO Y AMPLIACIÓN DEL SERVICIO DE AGUA POTABLE URBANO EN LA CIUDAD CAPITAL DE POMABAMBA, DISTRITO DE POMABAMBA, DE LA PROVINCIA DE POMABAMBA, DEL DEPARTAMENTO DE ÁNCASH",Poblacional,,Quebrada Laurel,RD 0222-2026 ANA-AAA.M,12/03/2026,Marañón,Pomabamba,Intercuenca Alto Marañón V,Pomabamba,Pomabamba
41327,MUNICIPALIDAD DISTRITAL DE YANAMA,Mejoramiento y creación del canal de irrigación y reservorios en 9 localidades del distrito de Yanama – provincia de Yungay - departamento de Áncash,Agrícola,,Quebrada Cajavilca,RD 0737-2025 ANA-AAA.M,10/06/2025,Marañón,Pomabamba,Intercuenca Alto Marañón V,Yungay,Yanama
41328,MUNICIPALIDAD DISTRITAL DE ELEAZAR GUZMÁN BARRÓN,"CREACIÓN DEL SISTEMA DE RIEGO TÉCNIFICADO DE LA LOCALIDAD DE MACHI DEL DISTRITO DE ELEAZAR GUZMÁN BARRÓN, PROVINCIA DE MARISCAL LUZURIAGA, DEPARTAMENTO DE ANCASH",Agrícola,,Manantial KISHUAR,RD 0972-2025 ANA-AAA.M,05/08/2025,Marañón,Pomabamba,Intercuenca Alto Marañón V,Mariscal Luzuriaga,Eleazar Guzman Barron
41329,MUNICIPALIDAD DISTRITAL DE ELEAZAR GUZMÁN BARRÓN,"CREACIÓN DEL SISTEMA DE RIEGO TÉCNIFICADO DE LA LOCALIDAD DE MACHI DEL DISTRITO DE ELEAZAR GUZMÁN BARRÓN, PROVINCIA DE MARISCAL LUZURIAGA, DEPARTAMENTO DE ANCASH",Agrícola,,Quebrada MACHIS,RD 0972-2025 ANA-AAA.M,05/08/2025,Marañón,Pomabamba,Intercuenca Alto Marañón V,Mariscal Luzuriaga,Eleazar Guzman Barron
41330,MUNICIPALIDAD DISTRITAL DE ELEAZAR GUZMÁN BARRÓN,"CREACIÓN DEL SISTEMA DE RIEGO TÉCNIFICADO DE LA LOCALIDAD DE MACHI DEL DISTRITO DE ELEAZAR GUZMÁN BARRÓN, PROVINCIA DE MARISCAL LUZURIAGA, DEPARTAMENTO DE ANCASH",Agrícola,,Quebrada Chaupiquenhua,RD 0972-2025 ANA-AAA.M,05/08/2025,Marañón,Pomabamba,Intercuenca Alto Marañón V,Mariscal Luzuriaga,Eleazar Guzman Barron
41331,MUNICIPALIDAD DISTRITAL DE ELEAZAR GUZMÁN BARRÓN,"CREACIÓN DEL SISTEMA DE RIEGO TÉCNIFICADO DE LA LOCALIDAD DE MACHI DEL DISTRITO DE ELEAZAR GUZMÁN BARRÓN, PROVINCIA DE MARISCAL LUZURIAGA, DEPARTAMENTO DE ANCASH",Agrícola,,Quebrada Tutapaj,RD 0972-2025 ANA-AAA.M,05/08/2025,Marañón,Pomabamba,Intercuenca Alto Marañón V,Mariscal Luzuriaga,Eleazar Guzman Barron
41332,EUSTAQUIO FÉLIX GIRALDO VERGARAY,"Creación de pequeño sistema de riego Ututupampa, distrito de Pomabamba, provincia de Pomabamba, departamento de Ancash",Agrícola,,Manantial Tauripatullpunan 1,RD 0133-2026 ANA-AAA.M,10/02/2026,Marañón,Pomabamba,Intercuenca Alto Marañón V,Pomabamba,Pomabamba
41333,JUAN ANDRÉS VALVERDE CHAUCA,"Creación del servicio de agua para consumo humano en el barrio de Pillurumi de la localidad de Gantu, Distrito de Casca de la Provincia de Mariscal Luzuriaga del Departamento de Ancash",Poblacional,,Manantial Yurajyacu 2,RD 0015-2025 ANA-AAA.M,06/01/2025,Marañón,Pomabamba,Intercuenca Alto Marañón V,Mariscal Luzuriaga,Casca
41334,TOMAS MAURICIO AYALA JULCA,"Creación de riego tecnificado por aspersión Huaytallacuy en la comunidad campesina Virgen de la Candelaria de Vilcabamba- Sector Huaytallacuy, Distrito de Casca, Provincia de M. Luzuriaga-Departamento de Ancash",Agrícola,,Manantial Pishgo Yacun,RD 0133-2025 ANA-AAA.M,03/02/2025,Marañón,Pomabamba,Intercuenca Alto Marañón V,Mariscal Luzuriaga,Casca
41335,JAIRO MARCOS JULCA VEGA,"Creación del servicio de provisión de agua para riego en el canal Huántar, Distrito de San Nicolás de la Provincia de Carlos Fermín Fitzcarrald del Departamento de Ancash",Agrícola,,Quebrada Aranda Rumi,RD 0453-2025 ANA-AAA.M,11/04/2025,Marañón,Pomabamba,Intercuenca Alto Marañón V,Carlos Fermin Fitzcarrald,San Nicolas
41336,MINERA EVIR COLPABAMBA E.I.R.L,PROYECTO MINERO - MINERA EVIR COLPABAMBA E.I.R.L,Minero,,Manantial Chocto (Taraska),RD 0710-2025 ANA-AAA.M,05/06/2025,Marañón,Pomabamba,Intercuenca Alto Marañón V,Yungay,Yanama
41337,MINERA URPAY E.I.R.L.,ABASTECIMIENTO DE AGUA SUPERFICIAL CON FINES MINEROS PARA LA EMPRESA MINERA URPAY E.I.R.L.,Minero,,Quebrada CHOCTO,RD 0730-2025 ANA-AAA.M,09/06/2025,Marañón,Pomabamba,Intercuenca Alto Marañón V,Yungay,Yanama
41338,MUNICIPALIDAD DISTRITAL DE YANAMA,Mejoramiento y creación del canal de irrigación y reservorios en 9 localidades del distrito de Yanama – provincia de Yungay - departamento de Áncash,Agrícola,,Quebrada RURICOCHA,RD 0737-2025 ANA-AAA.M,10/06/2025,Marañón,Pomabamba,Intercuenca Alto Marañón V,Yungay,Yanama
41339,MUNICIPALIDAD DISTRITAL DE CHACCHO,"MEJORAMIENTO DEL SERVICIO DE AGUA POTABLE RURAL Y AMPLIACION DEL SERVICIO DE ALCANTARILLADO U OTRAS FORMAS DE DISPOSICIÓN SANITARIA DE EXCRETAS EN LOS CENTROS POBLADOS DE JAROG-JAROG JIRCA-MACHAPAMPA–ATSCAHUANI, DISTRITO DE CHACCHO DE LA PROVINCIA DE",Poblacional,15 768.00,Manantial CHOROCHICO,RA 0153-2025 ANA-AAA.M-ALA.HUARI,06/10/2025,Marañón,Huari,Intercuenca Alto Marañón V,Antonio Raymondi,Chaccho
41340,MUNICIPALIDAD DISTRITAL DE SAN MARCOS,"MEJORAMIENTO DEL SERVICIO DE AGUA A NIVEL PARCELARIO CON UN SISTEMA DE RIEGO TECNIFICADO EN LOS SECTORES DE TAYA UCRO, ATOGTICLIA, LAUREL PUQUIO, OCSHAPATAC, ASYAPUQUIO, ACEYTEPAMPA, HUAYLLAPAMPA SECTOR CARHUAYOC EN EL CENTRO POBLADO DE CARHUAYOC, DISTRI",Agrícola,181 786.72,Quebrada VALDIVIA,RA 0155-2025 ANA-AAA.M-ALA.HUARI,06/10/2025,Marañón,Huari,Intercuenca Alto Marañón V,Huari,San Marcos
41341,ANTONIO MARINO GARAY SALAZAR,"Instalación del Sistema de riego del Sector de Orcosh del distrito de San Marcos,
Provincia de Huari, Región Ancash",Agrícola,5 632.72,Río CARHUASCANCHA,RD 0027-2024 ANA-AAA.M,10/01/2024,Marañón,Huari,Intercuenca Alto Marañón V,Huari,San Marcos
41342,MACKLIN MARCIAL JARA LEIVA,"Instalación del sistema de riego tecnificado Huancapampa y Palta Rumi y Zanja del
distrito de Ponto, región Ancash",Agrícola,4 152.87,Manantial PUTAGA,RD 0372-2024 ANA-AAA.M,09/04/2024,Marañón,Huari,Intercuenca Alto Marañón V,Huari,Ponto
41343,DINA LUISA MORALES QUISPE,"Instalación del
Sistema de Riego Príncipe en el Sector Rontoy Chico, Distrito de Chingas, Provincia de Antonio
Raymondi, Región Ancash",Agrícola,2 827.85,Manantial PRINCIPE,RD 0702-2024 ANA-AAA.M,10/06/2024,Marañón,Huari,Intercuenca Alto Marañón V,Antonio Raymondi,Chingas
41344,YONNY EFRAÍN MEZONES MUÑEZ,"MEJORAMIENTO DEL
SERVICIO DE PROVISIÓN DE AGUA PARA RIEGO EN LA INFRAESTRUCTURA DE
RIEGO EN EL SECTOR MOLLYPATAC, DEL CENTRO POBLADO HUARIMAYO, DISTRITO
DE CHAVÍN DE HUÁNTAR, DE LA PROVINCIA DE HUARI, DEL DEPARTAMENTO DE
ANCASH",Agrícola,34 901.51,Manantial Shaully,RD 0710-2024 ANA-AAA.M,10/06/2024,Marañón,Huari,Intercuenca Alto Marañón V,Huari,Chavin De Huantar
41345,YONNY EFRAÍN MEZONES MUÑEZ,"MEJORAMIENTO DEL
SERVICIO DE PROVISIÓN DE AGUA PARA RIEGO EN LA INFRAESTRUCTURA DE
RIEGO EN EL SECTOR MOLLYPATAC, DEL CENTRO POBLADO HUARIMAYO, DISTRITO
DE CHAVÍN DE HUÁNTAR, DE LA PROVINCIA DE HUARI, DEL DEPARTAMENTO DE
ANCASH",Agrícola,13 421.63,Manantial Mollipatac,RD 0710-2024 ANA-AAA.M,10/06/2024,Marañón,Huari,Intercuenca Alto Marañón V,Huari,Chavin De Huantar
41346,MUNICIPALIDAD DISTRITAL DE SAN MARCOS,"CONSTRUCCIÓN DE CAPTACIÓN DE AGUA Y LÍNEA DE CONDUCCIÓN; RENOVACIÓN DE RESERVORIO; EN EL(LA) SISTEMA DE AGUA POTABLE DEL CASERÍO INDEPENDIENTE VISTA ALEGRE, DEL DISTRITO DE SAN MARCOS – PROVINCIA DE HUARI – DEPARTAMENTO DE ANCASH",Poblacional,,Manantial 5,RD 0193-2026 ANA-AAA.M,05/03/2026,Marañón,Huari,Intercuenca Alto Marañón V,Huari,San Marcos
41347,MARINO ORTIZ EGUIZABAL,"Instalación del sistema de Riego Gaga del sector de Pariacancha, del distrito de Uco, provincia Huari, Región Ancash",Agrícola,,Manantial Gaga Huarta,RD 0317-2026 ANA-AAA.M,09/04/2026,Marañón,Huari,Intercuenca Alto Marañón V,Huari,Uco
41348,EMPRESA DE SERVICIOS MÚLTIPLES ROMERITO E.I.R.L.,"Chancado de piedra en el sector de Chicupatac, distrito de Huachis, provincia de Huari, región Áncash",Industrial,,Río MOSNA,RD 0480-2026 ANA-AAA.M,05/05/2026,Marañón,Huari,Intercuenca Alto Marañón V,Huari,Huacchis
41349,MUNICIPALIDAD DISTRITAL DE PONTÓ,MEJORAMIENTO Y AMPLIACION DEL SERVICIO DE AGUA POTABLE RURAL Y MEJORAMIENTO Y AMPLIACION DEL SERVICIO DE ALCANTARILLADO U OTRAS FORMAS DE DISPOSICIÓN SANITARIA DE EXCRETAS EN EL CASERIO DE SANTA ROSA DE TINCO DEL DISTRITO DE PONTO DE LA PROVINCIA DE HUA,Poblacional,12 299.07,Manantial NEQUETO,RA 0146-2026 ANA-AAA.M-ALA.HUARI,07/07/2026,Marañón,Huari,Intercuenca Alto Marañón V,Huari,Ponto
41350,REAL CL S.A.C,"CREACION DEL SERVICIO DE PROVISIÓN DE AGUA PARA RIEGO EN LOS SECTORES DE QUISUAR, PANCHO MACHAY Y CULLAS DE CENTRO POBLADO SANTA ROSA DE TINCO DISTRITO DE PONTO DE LA PROVINCIA DE HUARI DEL DEPARTAMENTO DE ANCASH",Agrícola,,Manantial PANCHOMACHAY,RD 0141-2026 ANA-AAA.M,12/02/2026,Marañón,Huari,Intercuenca Alto Marañón V,Huari,Ponto
41351,MUNICIPALIDAD DISTRITAL DE SAN MARCOS,"CONSTRUCCIÓN DE CAPTACIÓN DE AGUA Y LÍNEA DE CONDUCCIÓN; RENOVACIÓN DE RESERVORIO; EN EL(LA) SISTEMA DE AGUA POTABLE DEL CASERÍO INDEPENDIENTE VISTA ALEGRE, DEL DISTRITO DE SAN MARCOS – PROVINCIA DE HUARI – DEPARTAMENTO DE ANCASH",Poblacional,,Manantial UCUSH PUCRO,RD 0193-2026 ANA-AAA.M,05/03/2026,Marañón,Huari,Intercuenca Alto Marañón V,Huari,San Marcos
41352,MUNICIPALIDAD DISTRITAL DE SAN MARCOS,"CONSTRUCCIÓN DE CAPTACIÓN DE AGUA Y LÍNEA DE CONDUCCIÓN; RENOVACIÓN DE RESERVORIO; EN EL(LA) SISTEMA DE AGUA POTABLE DEL CASERÍO INDEPENDIENTE VISTA ALEGRE, DEL DISTRITO DE SAN MARCOS – PROVINCIA DE HUARI – DEPARTAMENTO DE ANCASH",Poblacional,,Manantial 1,RD 0193-2026 ANA-AAA.M,05/03/2026,Marañón,Huari,Intercuenca Alto Marañón V,Huari,San Marcos
41353,MUNICIPALIDAD DISTRITAL DE SAN MARCOS,"CONSTRUCCIÓN DE CAPTACIÓN DE AGUA Y LÍNEA DE CONDUCCIÓN; RENOVACIÓN DE RESERVORIO; EN EL(LA) SISTEMA DE AGUA POTABLE DEL CASERÍO INDEPENDIENTE VISTA ALEGRE, DEL DISTRITO DE SAN MARCOS – PROVINCIA DE HUARI – DEPARTAMENTO DE ANCASH",Poblacional,,Manantial 2,RD 0193-2026 ANA-AAA.M,05/03/2026,Marañón,Huari,Intercuenca Alto Marañón V,Huari,San Marcos
41354,MUNICIPALIDAD DISTRITAL DE SAN MARCOS,"CONSTRUCCIÓN DE CAPTACIÓN DE AGUA Y LÍNEA DE CONDUCCIÓN; RENOVACIÓN DE RESERVORIO; EN EL(LA) SISTEMA DE AGUA POTABLE DEL CASERÍO INDEPENDIENTE VISTA ALEGRE, DEL DISTRITO DE SAN MARCOS – PROVINCIA DE HUARI – DEPARTAMENTO DE ANCASH",Poblacional,,Manantial 3,RD 0193-2026 ANA-AAA.M,05/03/2026,Marañón,Huari,Intercuenca Alto Marañón V,Huari,San Marcos
41355,MUNICIPALIDAD DISTRITAL DE SAN MARCOS,"CONSTRUCCIÓN DE CAPTACIÓN DE AGUA Y LÍNEA DE CONDUCCIÓN; RENOVACIÓN DE RESERVORIO; EN EL(LA) SISTEMA DE AGUA POTABLE DEL CASERÍO INDEPENDIENTE VISTA ALEGRE, DEL DISTRITO DE SAN MARCOS – PROVINCIA DE HUARI – DEPARTAMENTO DE ANCASH",Poblacional,,Manantial 4,RD 0193-2026 ANA-AAA.M,05/03/2026,Marañón,Huari,Intercuenca Alto Marañón V,Huari,San Marcos
41356,MUNICIPALIDAD DISTRITAL DE SAN MARCOS,MEJORAMIENTO Y AMPLIACIÓN DEL SERVICIO DE PROVISIÓN DE AGUA PARA RIEGO EN EL SISTEMA DE RIEGO TECNIFICADO DEL CASERÍO DE CABRACANCHA DEL CENTRO POBLADO DE CHALLHUAYACO DISTRITO DE SAN MARCOS DE LA PROVINCIA DE HUARI DEL DEPARTAMENTO DE ANCASH,Agrícola,,Manantial MULAGAGA,RD 0977-2025 ANA-AAA.M,07/08/2025,Marañón,Huari,Intercuenca Alto Marañón V,Huari,San Marcos
41357,MUNICIPALIDAD DISTRITAL DE SAN MARCOS,MEJORAMIENTO Y AMPLIACIÓN DEL SERVICIO DE PROVISIÓN DE AGUA PARA RIEGO EN EL SISTEMA DE RIEGO TECNIFICADO DEL CASERÍO DE CABRACANCHA DEL CENTRO POBLADO DE CHALLHUAYACO DISTRITO DE SAN MARCOS DE LA PROVINCIA DE HUARI DEL DEPARTAMENTO DE ANCASH,Agrícola,,Manantial PUYO CUTA,RD 0977-2025 ANA-AAA.M,07/08/2025,Marañón,Huari,Intercuenca Alto Marañón V,Huari,San Marcos
41358,MUNICIPALIDAD DISTRITAL DE SAN MARCOS,"MEJORAMIENTO Y AMPLIACIÓN DEL SERVICIO DE PROVISIÓN DE AGUA PARA RIEGO TECNIFICADO DEL SECTOR ILLAURO Y NUMERO DEL CENTRO POBLADO DE PICHIU QUINUARAGRA, DISTRITO DE SAN MARCOS, DE LA PROVINCIA DE HUARI, DEPARTAMENTO DE ANCASH",Agrícola,,Quebrada SIN NOMBRE,RD 0979-2025 ANA-AAA.M,07/08/2025,Marañón,Huari,Intercuenca Alto Marañón V,Huari,San Marcos
41359,MUNICIPALIDAD DISTRITAL DE SAN MARCOS,"CREACIÓN DEL SISTEMA DE RIEGO TECNIFICADO DE KICHQUI A CHUYO ALTO EN EL CASERÍO DE CHUYO, DISTRITO DE SAN MARCOS – PROVINCIA DE HUARI – DEPARTAMENTO DE ANCASH",Agrícola,,Quebrada KICHQUI,RD 0022-2026 ANA-AAA.M,09/01/2026,Marañón,Huari,Intercuenca Alto Marañón V,Huari,San Marcos
41360,REAL CL S.A.C,"CREACION DEL SERVICIO DE PROVISIÓN DE AGUA PARA RIEGO EN LOS SECTORES DE QUISUAR, PANCHO MACHAY Y CULLAS DE CENTRO POBLADO SANTA ROSA DE TINCO DISTRITO DE PONTO DE LA PROVINCIA DE HUARI DEL DEPARTAMENTO DE ANCASH",Agrícola,,Manantial Huangraconlla 01,RD 0141-2026 ANA-AAA.M,12/02/2026,Marañón,Huari,Intercuenca Alto Marañón V,Huari,Ponto
41361,REAL CL S.A.C,"CREACION DEL SERVICIO DE PROVISIÓN DE AGUA PARA RIEGO EN LOS SECTORES DE QUISUAR, PANCHO MACHAY Y CULLAS DE CENTRO POBLADO SANTA ROSA DE TINCO DISTRITO DE PONTO DE LA PROVINCIA DE HUARI DEL DEPARTAMENTO DE ANCASH",Agrícola,,Manantial Huangraconlla 02,RD 0141-2026 ANA-AAA.M,12/02/2026,Marañón,Huari,Intercuenca Alto Marañón V,Huari,Ponto
41362,ICE INGENIERÍA S.A.C,"Construcción de captación de agua y línea de conducción en el (la) sistema de riego tecnificado de la localidad de Buenos Aires, distrito de Paucas, provincia de Huari, departamento de Áncash",Agrícola,,Manantial POTRERO 2,RD 0714-2025 ANA-AAA.M,05/06/2025,Marañón,Huari,Intercuenca Alto Marañón V,Huari,Paucas
41363,MUNICIPALIDAD DISTRITAL DE CAJAY,"CONSTRUCCIÓN DE CAPTACIÓN DE AGUA, LÍNEA DE CONDUCCIÓN, RED DE DISTRIBUCIÓN Y CERCO PERIMÉTRICO; EN EL(LA) SISTEMA DE RIEGO TECNIFICADO DEL SECTOR CASHAPAMPA EN EL CASERÍO DE CHACARAGRA; DISTRITO DE CAJAY, PROVINCIA HUARI, DEPARTAMENTO ANCASH",Agrícola,,Manantial Zegatoragra,RD 0723-2025 ANA-AAA.M,06/06/2025,Marañón,Huari,Intercuenca Alto Marañón V,Huari,Cajay
41364,JEANS PIER VELA CUEVA - ABDIAS SAUL JARA PANTOJA,"Creación de sistema de riego tecnificado en el sector de Manahuiye Alto y Matibamba, centro poblado de Huaytuna, distrito de Masín, provincia de Huari, departamento de Áncash",Agrícola,,Manantial Pashtaj,RD 0738-2025 ANA-AAA.M,10/06/2025,Marañón,Huari,Intercuenca Alto Marañón V,Huari,Masin
41365,MUNICIPALIDAD DISTRITAL DE HUACHIS,"Creación del servicio de provisión de agua para
riego en el sistema de riego tecnificado en el sector Pachi, del centro poblado de Chupan, del
distrito de Huachis, de la provincia de Huari, departamento de Áncash",Agrícola,,Manantial CHAUPIKITA,RD 0879-2025 ANA-AAA.M,10/07/2025,Marañón,Huari,Intercuenca Alto Marañón V,Huari,Huachis
41366,GESSIL WALTER BELLO ESPINOZA,Creación del servicio de agua a nivel parcelario con un sistema de riego tecnificado en el caserío de Ayash Huamanin del distrito de San Marcos – provincia de Huari – departamento de Áncash,Agrícola,,Quebrada Uchco,RD 0957-2025 ANA-AAA.M,05/08/2025,Marañón,Huari,Intercuenca Alto Marañón V,Huari,San Marcos
41367,SIMONA RIVERA GARAY DE CHÁVEZ,"CREACIÓN DE SISTEMA DE RIEGO TECNIFICADO EN EL SECTOR ULLPI RAJRA, CENTRO POBLADO DE RANCAS, DISTRITO DE SAN MARCOS, PROVINCIA DE HUARI, DEPARTAMENTO DE ANCASH",Agrícola,,Manantial Ullpi Rajra,RD 0962-2025 ANA-AAA.M,05/08/2025,Marañón,Huari,Intercuenca Alto Marañón V,Huari,San Marcos
41368,EDITH SARITA TRUJILLO SALAS,"Mejoramiento del Molino, ubicado en el Caserío de Collota, Distrito de Cajay – Huari – Región Ancash",Otros Usos,,Río HUARITAMBO,RD 0008-2025 ANA-AAA.M,06/01/2025,Marañón,Huari,Intercuenca Alto Marañón V,Huari,Cajay
41369,NICAIN ELI HUERTA CAMPOS,"Servicio de Saneamiento Básico de Agua potable en el Caserío de Quichuas, Distrito de Huachis, Provincia de Huari, Departamento de Ancash",Poblacional,,Quebrada Quinca (Kinca),RD 0010-2025 ANA-AAA.M,06/01/2025,Marañón,Huari,Intercuenca Alto Marañón V,Huari,Huachis
41370,MUNICIPALIDAD DISTRITAL DE SAN PEDRO DE CHANA,CREACIÓN DE LA INFRAESTRUCTURA DE RIEGO TRAMO TULLCA – VALLE COLCA DE LA LOCALIDAD DE CHANA DEL DISTRITO SAN PEDRO DE CHANA – PROVINCIA DE HUARI – DEPARTAMENTO DE ANCASH,Agrícola,,Quebrada ILLAHUASI,RD 0563-2025 ANA-AAA.M,05/05/2025,Marañón,Huari,Intercuenca Alto Marañón V,Huari,San Pedro De Chana
41371,JOPEN DELFÍN GONZÁLES DÍAZ,"INSTALACIÓN DE UN SISTEMA DE RIEGO ERAPAMPA EN EL SECTOR DE RANCAS, DEL DISTRITO DE SAN MARCOS, PROVINCIA DE HUARI, REGIÓN ANCASH",Agrícola,,Manantial ERAPAMPA,RD 0594-2025 ANA-AAA.M,08/05/2025,Marañón,Huari,Intercuenca Alto Marañón V,Huari,San Marcos
41372,TRANSPORTES E INVERSIONES BAÑEZ S.A.C,Mejoramiento y Ampliación del Servicio de Provisión de Agua para Riego en el Sistema de Riego Tecnificado de los Sectores de Mesapatac y Cachca del caserío de Matibamba del centro poblado de Santa Cruz de Mosna del distrito de San Marcos de la provinc,Agrícola,,Manantial Cachcas,RD 0604-2025 ANA-AAA.M,12/05/2025,Marañón,Huari,Intercuenca Alto Marañón V,Huari,San Marcos
41373,ICE INGENIERÍA S.A.C,"Construcción de captación de agua y línea de conducción en el (la) sistema de riego tecnificado de la localidad de Buenos Aires, distrito de Paucas, provincia de Huari, departamento de Áncash",Agrícola,,Manantial POTRERO 1,RD 0714-2025 ANA-AAA.M,05/06/2025,Marañón,Huari,Intercuenca Alto Marañón V,Huari,Paucas
41374,MARÍA ESPINOZA PRÍNCIPE,"Creación del Sistema de
Riego y Línea de Conducción del Canal de Riego Entubado del Sector Pucro, caserío de
Colquicancha, distrito de Uco - provincia de Huari - departamento de Ancash",Agrícola,3 834.27,Manantial PUCRO,RD 0729-2024 ANA-AAA.M,12/06/2024,Marañón,Huari,Intercuenca Alto Marañón V,Huari,Uco
41375,ORLANDO RUBÉN PADILLA GENEBROZ,"CAPTACIÓN DE RECURSO HÍDRICO DEL MANANTIAL PAN DE
AZÚCAR, EN LA LOCALIDAD DE PONTO VIEJO DE DISTRITO DE PONTO, PROVINCIA
DE HUARI, REGIÓN ANCASH",Agrícola,28 450.30,Manantial Pan de Azúcar,RD 0897-2024 ANA-AAA.M,12/07/2024,Marañón,Huari,Intercuenca Alto Marañón V,Huari,Ponto
41376,KATHERINE ROCIÓ MAGUIÑA ROSALES,"MEJORAMIENTO Y AMPLIACIÓN DEL SERVICIO DE PROVISIÓN DE AGUA PARA RIEGO
EN EL SISTEMA DE RIEGO TECNIFICADO A NIVEL PARCELARIO EN EL CASERÍO DE
RURIQUILCA, DISTRITO DE CHAVÍN DE HUÁNTAR DE LA PROVINCIA DE HUARI DEL
DEPARTAMENTO DE ÁNCASH",Agrícola,32 336.91,Quebrada Ruriquilca,RD 0900-2024 ANA-AAA.M,12/07/2024,Marañón,Huari,Intercuenca Alto Marañón V,Huari,Chavin De Huantar
41377,NELION QUIÑONES GERÓNIMO,"Sistema de Riego Tecnificado en el Sector
Tarapampa, distrito de Masin, provincia de Huari del departamento de Ancash",Agrícola,23 172.79,Manantial PACHIN,RD 1101-2024 ANA-AAA.M,12/08/2024,Marañón,Huari,Intercuenca Alto Marañón V,Huari,Masin
41378,EINAR ULISES SÁNCHEZ TISNADO,"Mejoramiento y Ampliación del Sistema
de Agua Potable y Creación del Sistema de Saneamiento Básico con Unidades Básicas (UBS)
en la Localidad de Illahuasi del distrito de Puños, provincia de Huamalíes, departamento de
Huánuco",Poblacional,6 937.93,Manantial Miskiyacu,RD 1112-2024 ANA-AAA.M,12/08/2025,Marañón,Huari,Intercuenca Alto Marañón V,Huari,San Pedro De Chana
41379,KILDARE MARK ALEGRE COLLAS,"Instalación del Sistema de
Riego en el Sector Cansha, Querido, Centro Poblado de Machac, distrito de Chavín de Huántar,
provincia de Huari, región Ancash",Agrícola,,Quebrada Hualpish,RD 1509-2024 ANA-AAA.M,09/10/2024,Marañón,Huari,Intercuenca Alto Marañón V,Huari,Chavin De Huantar
41380,MUNICIPALIDAD DISTRITAL DE RAPAYÁN,"MEJORAMIENTO Y AMPLIACIÓN DEL SERVICIO DE PROVISIÓN DE AGUA PARA RIEGO EN EL SISTEMA DE RIEGO DEL
SECTOR UCHUMARCA DEL CENTRO POBLADO PORVENIR, DISTRITO DEL RAPAYÁN DE LA PROVINCIA DE HUARI DEL DEPARTAMENTO DE ANCASH",Agrícola,,Quebrada Hatumarpo,RD 0960-2025 ANA-AAA.M,05/08/2025,Marañón,Alto Marañon,Intercuenca Alto Marañón V,Huari,Rapayan
