ID_registro;X;Y;N°;Fuente;ALA;UNIDAD_HID;PFAFSTETTE;TIPO_RH;NOMBRE_RIO;CÓDIGO_FI;DESCRIPCIO;DEPARTAMEN;PROVINCIA;DISTRITO;ZONA;ESTE;NORTE;ALTITUD_m_;CLASIFICAC;As_ppm;Cd_ppm;Pb_ppm;Hg_ppm
33350;-77.8875720282696;-9.56221595304343;1.000000;ANA;Casma Huarmey;Cuenca Casma;137596;Quebrada;Vinchota;QVinc1;;ANCASH;HUARAZ;PAMPAS GRANDE;18.000000;182993.000000;8941662.000000;1234.000000;Categoría 3;0.00700000000;0.00018000000;0.00100000000;0.00010000000
33351;-77.6650766003562;-9.53092522854375;2.000000;ANA;Casma Huarmey;Cuenca Casma;137596;Quebrada;Yupanca;QYupa1;;ANCASH;HUARAZ;PIRA;18.000000;207410.000000;8945322.000000;3826.000000;Categoría 3;0.00343000000;0.00034000000;0.00096000000;0.00008000000
33352;-77.6912962571201;-9.58253216272681;3.000000;ANA;Casma Huarmey;Cuenca Casma;137596;Quebrada;Pishan;QPish1;;ANCASH;HUARAZ;PIRA;18.000000;204574.000000;8939588.000000;3601.000000;Categoría 3;0.00393000000;0.00034000000;0.00118000000;0.00008000000
33353;-77.7300821148092;-9.63429760297816;4.000000;ANA;Casma Huarmey;Cuenca Casma;137596;Río;Vado;RVado1;;ANCASH;HUARAZ;LA LIBERTAD;18.000000;200359.000000;8933825.000000;3195.000000;Categoría 3;0.00348000000;0.00034000000;0.00056000000;0.00008000000
33354;-77.7281056761141;-9.59788398917349;5.000000;ANA;Casma Huarmey;Cuenca Casma;137596;Quebrada;Rahuar;QRahu1;;ANCASH;HUARAZ;PIRA;18.000000;200544.000000;8937857.000000;3878.000000;Categoría 3;0.00350000000;0.00044000000;0.00082000000;0.00008000000
33355;-77.7308736264155;-9.59566664197344;6.000000;ANA;Casma Huarmey;Cuenca Casma;137596;Quebrada;Rahuar;QRahu2;;ANCASH;HUARAZ;PIRA;18.000000;200238.000000;8938100.000000;3726.000000;Categoría 3;0.22393000000;0.03956000000;0.63128000000;0.00008000000
33356;-77.7346687192678;-9.59326046860734;7.000000;ANA;Casma Huarmey;Cuenca Casma;137596;Quebrada;Rahuar;QRahu3;;ANCASH;HUARAZ;PIRA;18.000000;199819.000000;8938363.000000;3520.000000;Categoría 3;0.52850000000;0.03661000000;0.32095000000;0.00008000000
33357;-77.7637199992487;-9.57894449339843;8.000000;ANA;Casma Huarmey;Cuenca Casma;137596;Quebrada;Rahuar;QRahu4;;ANCASH;HUARAZ;PIRA;18.000000;196615.000000;8939922.000000;2491.000000;Categoría 3;0.00658000000;0.00045000000;0.00072000000;0.00008000000
33358;-77.7654247934826;-9.57813583604892;9.000000;ANA;Casma Huarmey;Cuenca Casma;137596;Río;Vado;RVado2;;ANCASH;HUARAZ;PIRA;18.000000;196427.000000;8940010.000000;2421.000000;Categoría 3;0.00397000000;0.00034000000;0.00056000000;0.00008000000
33359;-77.9999795300049;-9.51227678044995;10.000000;ANA;Casma Huarmey;Cuenca Casma;137596;Río;Yaután;RYaut2;;ANCASH;CASMA;YAUTAN;18.000000;170594.000000;8947085.000000;780.000000;Categoría 3;0.00390000000;0.00034000000;0.00180000000;0.00008000000
33360;-77.887136620263;-9.56993451223491;11.000000;ANA;Casma Huarmey;Cuenca Casma;137596;Quebrada;Victoria;QVict1;;ANCASH;HUARAZ;PAMPAS GRANDE;18.000000;183048.000000;8940808.000000;1298.000000;Categoría 3;0.00323000000;0.00034000000;0.00062000000;0.00008000000
33361;-77.6236950267518;-9.54497379342537;12.000000;ANA;Casma Huarmey;Cuenca Casma;137596;Quebrada;Tinco;QTinc1;;ANCASH;HUARAZ;PIRA;18.000000;211968.000000;8943802.000000;4203.000000;Categoría 3;0.00376000000;0.00040000000;0.00065000000;0.00008000000
33362;-77.8883391198006;-9.56144169271029;13.000000;ANA;Casma Huarmey;Cuenca Casma;137596;Río;Chacchan;RChac1;;ANCASH;HUARAZ;PARIACOTO;18.000000;182908.000000;8941747.000000;1237.000000;Categoría 3;0.00378000000;0.00034000000;0.00076000000;0.00008000000
33363;-77.8992084763463;-9.56170342394473;14.000000;ANA;Casma Huarmey;Cuenca Casma;137596;Río;Grande;RGran2;;ANCASH;HUARAZ;PAMPAS GRANDE;18.000000;181714.000000;8941708.000000;1110.000000;Categoría 3;0.00388000000;0.00034000000;0.00058000000;0.00008000000
33364;-77.8988332624166;-9.5593126000752;15.000000;ANA;Casma Huarmey;Cuenca Casma;137596;Río;Grande;RGran3;;ANCASH;HUARAZ;PAMPAS GRANDE;18.000000;181753.000000;8941973.000000;1101.000000;Categoría 3;0.00403000000;0.00034000000;0.00058000000;0.00008000000
33365;-77.836368469854;-9.4120905169322;16.000000;ANA;Casma Huarmey;Cuenca Casma;137596;Otros;Quebrada Orancoral;QOran1;;ANCASH;YUNGAY;SHUPLUY;18.000000;188483.000000;8958326.000000;3714.000000;Categoría 3;0.00346000000;0.00061000000;0.00134000000;0.00008000000
33366;-77.8519301697089;-9.40374383679685;17.000000;ANA;Casma Huarmey;Cuenca Casma;137596;Otros;Quebrada Orancoral;QOran2;;ANCASH;YUNGAY;SHUPLUY;18.000000;186765.000000;8959236.000000;3070.000000;Categoría 3;0.00406000000;0.00068000000;0.00133000000;0.00007000000
33367;-77.8579511468386;-9.40243936857609;18.000000;ANA;Casma Huarmey;Cuenca Casma;137596;Río;Quellaycancha;RQuel1;;ANCASH;YUNGAY;SHUPLUY;18.000000;186102.000000;8959375.000000;2932.000000;Categoría 3;0.00354000000;0.00059000000;0.00216000000;0.00008000000
33368;-77.8574075322403;-9.4303683810687;19.000000;ANA;Casma Huarmey;Cuenca Casma;137596;Quebrada;Colis;QColi1;;ANCASH;HUARAZ;COCHABAMBA;18.000000;186187.000000;8956284.000000;3531.000000;Categoría 3;0.00424000000;0.00040000000;0.00108000000;0.00008000000
33369;-77.8671654999657;-9.42542866493073;20.000000;ANA;Casma Huarmey;Cuenca Casma;137596;Quebrada;Colis;QColi2;;ANCASH;HUARAZ;COCHABAMBA;18.000000;185110.000000;8956822.000000;2850.000000;Categoría 3;0.03342000000;0.01284000000;0.01712000000;0.00008000000
33370;-77.8582472967221;-9.49124265454307;21.000000;ANA;Casma Huarmey;Cuenca Casma;137596;Río;Acrun;RAcru1;;ANCASH;HUARAZ;COCHABAMBA;18.000000;186150.000000;8949545.000000;2096.000000;Categoría 3;0.00372000000;0.00034000000;0.00076000000;0.00008000000
33371;-77.763122848469;-9.49806056310362;22.000000;ANA;Casma Huarmey;Cuenca Casma;137596;Quebrada;Tambillo;QTamb1;;ANCASH;HUARAZ;PARIACOTO;18.000000;196609.000000;8948875.000000;2910.000000;Categoría 3;0.00310000000;0.00023000000;0.00217000000;0.00008000000
33372;-77.6579916349751;-9.55397486141698;28.000000;ANA;Casma Huarmey;Cuenca Casma;137596;Quebrada;Tinco;QTinc2;;ANCASH;HUARAZ;PIRA;18.000000;208208.000000;8942777.000000;3727.000000;Categoría 3;0.00351000000;0.00034000000;0.00056000000;0.00008000000
33373;-77.6900783510524;-9.50740378708553;29.000000;ANA;Casma Huarmey;Cuenca Casma;137596;Laguna Natural;Maco;LMaco1;;ANCASH;HUARAZ;PIRA;18.000000;204643.000000;8947904.000000;4411.000000;Categoría 4;0.00381000000;0.00032000000;0.00060000000;0.00007000000
33374;-77.4271427664729;-10.234528107909;30.000000;ANA;Barranca;Cuenca Fortaleza;137592;Río;Purísima;RPuri1;;ANCASH;BOLOGNESI;HUAYLLACAYAN;18.000000;234114.000000;8867656.000000;3075.000000;Categoría 3;0.00292000000;0.00012000000;0.00086000000;0.00005000000
33375;-77.3460434737192;-10.1610893291326;31.000000;ANA;Barranca;Cuenca Fortaleza;137592;Otros;Quebrada Fortaleza;QFort2;;ANCASH;BOLOGNESI;CAJACAY;18.000000;242944.000000;8875848.000000;3347.000000;Categoría 3;0.00354000000;0.00012000000;0.00134000000;0.00005000000
33376;-77.3464515581605;-10.1607610628958;32.000000;ANA;Barranca;Cuenca Fortaleza;137592;Río;Fortaleza;RFort4;;ANCASH;BOLOGNESI;CAJACAY;18.000000;242899.000000;8875884.000000;3354.000000;Categoría 3;0.00326000000;0.00012000000;0.00159000000;0.00005000000
33377;-77.3461056745998;-10.1608629504883;33.000000;ANA;Barranca;Cuenca Fortaleza;137592;Quebrada;Río Arriba;QRarr3;;ANCASH;BOLOGNESI;CAJACAY;18.000000;242937.000000;8875873.000000;3356.000000;Categoría 3;0.00199000000;0.00012000000;0.00147000000;0.00005000000
33378;-77.5384692832812;-10.0526490537761;34.000000;ANA;Barranca;Cuenca Fortaleza;137592;Otros;Quebrada Huayllapampa;QHuay1;;ANCASH;RECUAY;HUAYLLAPAMPA;18.000000;221754.000000;8887690.000000;2847.000000;Categoría 3;0.00302000000;0.00012000000;0.00054000000;0.00005000000
33379;-77.4744180595754;-10.0850060784737;35.000000;ANA;Barranca;Cuenca Fortaleza;137592;Quebrada;Alizo;QAliz1;;ANCASH;RECUAY;MARCA;18.000000;228806.000000;8884163.000000;2666.000000;Categoría 3;0.00280000000;0.00012000000;0.00093000000;0.00005000000
33380;-77.5183641585076;-10.1485870678962;36.000000;ANA;Barranca;Cuenca Fortaleza;137592;Río;Marca;RMarc1;;ANCASH;RECUAY;MARCA;18.000000;224041.000000;8877090.000000;1719.000000;Categoría 3;0.00309000000;0.00012000000;0.00163000000;0.00005000000
33381;-77.5173781635724;-10.1484590934686;37.000000;ANA;Barranca;Cuenca Fortaleza;137592;Río;Fortaleza;RFort8;;ANCASH;RECUAY;MARCA;18.000000;224149.000000;8877105.000000;1703.000000;Categoría 3;0.00287000000;0.00217000000;0.63853000000;0.00005000000
33382;-77.544038374487;-10.1705905552933;38.000000;ANA;Barranca;Cuenca Fortaleza;137592;Río;Huayllapampa;RHuay2;;ANCASH;RECUAY;HUAYLLAPAMPA;18.000000;221245.000000;8874633.000000;1446.000000;Categoría 3;0.00306000000;0.00012000000;0.00084000000;0.00005000000
33383;-77.5445143125096;-10.1719513010978;39.000000;ANA;Barranca;Cuenca Fortaleza;137592;Río;Fortaleza;RFort16;;ANCASH;RECUAY;MARCA;18.000000;221194.000000;8874482.000000;1441.000000;Categoría 3;0.00000000000;0.00000000000;0.00000000000;0.00000000000
33384;-77.5677233036193;-10.2951640198875;40.000000;ANA;Barranca;Cuenca Fortaleza;137592;Río;Purísima;RPuri2;;ANCASH;BOLOGNESI;COLQUIOC;18.000000;218758.000000;8860826.000000;1161.000000;Categoría 3;0.00121000000;0.00014000000;0.00156000000;0.00006000000
33385;-77.5993007829054;-10.2905928045599;41.000000;ANA;Barranca;Cuenca Fortaleza;137592;Río;Fortaleza;RFort13;;ANCASH;BOLOGNESI;COLQUIOC;18.000000;215293.000000;8861304.000000;815.000000;Categoría 3;0.00155000000;0.00012000000;0.00154000000;0.00005000000
33386;-77.3336087432608;-10.177183373783;42.000000;ANA;Barranca;Cuenca Fortaleza;137592;Otros;Quebrada Fortaleza;QFort1;;ANCASH;BOLOGNESI;CAJACAY;18.000000;244320.000000;8874077.000000;3519.000000;Categoría 3;0.00222000000;0.00127000000;0.08126000000;0.00005000000
33387;-77.5399415609856;-10.1715440551236;43.000000;ANA;Barranca;Cuenca Fortaleza;137592;Río;Fortaleza;RFort10;;ANCASH;RECUAY;MARCA;18.000000;221695.000000;8874531.000000;1441.000000;Categoría 3;0.00287000000;0.00012000000;0.00062000000;0.00005000000
33388;-77.6143742934239;-10.3117410461093;44.000000;ANA;Barranca;Cuenca Fortaleza;137592;Río;Purísima;RPuri3;;ANCASH;BOLOGNESI;COLQUIOC;18.000000;213660.000000;8858950.000000;1161.000000;Categoría 3;0.00000000000;0.00000000000;0.00000000000;0.00000000000
33389;-77.8255932657778;-9.91334621525693;45.000000;ANA;Casma Huarmey;Cuenca Huarmey;137594;Río;Aija;RAija4;;ANCASH;AIJA;CORIS;18.000000;190127.000000;8902852.000000;989.000000;Categoría 3;0.00786000000;0.00192000000;0.00129000000;0.00081000000
33390;-77.5343565294201;-9.75702362107948;46.000000;ANA;Casma Huarmey;Cuenca Huarmey;137594;Otros;Quebrada Hércules;QHerc1;;ANCASH;AIJA;AIJA;18.000000;221956.000000;8920409.000000;4479.000000;Categoría 1 A2;0.03230000000;0.08529000000;0.05048000000;0.00539000000
33391;-77.6753761982082;-9.71087673652476;47.000000;ANA;Casma Huarmey;Cuenca Huarmey;137594;Quebrada;Huinac;QHuin1;;ANCASH;AIJA;LA MERCED;18.000000;206434.000000;8925397.000000;3924.000000;Categoría 1 A2;0.05352000000;0.05954000000;0.05582000000;0.00462000000
33392;-77.6751486979594;-9.71319157025672;48.000000;ANA;Casma Huarmey;Cuenca Huarmey;137594;Quebrada;Yactun;QYact1;;ANCASH;AIJA;LA MERCED;18.000000;206461.000000;8925141.000000;3908.000000;Categoría 1 A2;0.45824000000;0.07682000000;0.28874000000;0.00295000000
33393;-77.6453487795534;-9.74893312914796;49.000000;ANA;Casma Huarmey;Cuenca Huarmey;137594;Río;Yactun;RYact1;;ANCASH;AIJA;LA MERCED;18.000000;209764.000000;8921211.000000;3430.000000;Categoría 1 A2;0.02064000000;0.01087000000;0.03873000000;0.00169000000
33394;-77.6165900750903;-9.7333063898233;50.000000;ANA;Casma Huarmey;Cuenca Huarmey;137594;Río;La Merced;RLmer1;;ANCASH;AIJA;LA MERCED;18.000000;212908.000000;8922965.000000;3290.000000;Categoría 1 A2;0.00219000000;0.00035000000;0.00115000000;0.00007000000
33395;-77.623513335699;-9.75325832645941;51.000000;ANA;Casma Huarmey;Cuenca Huarmey;137594;Río;La Merced;RLmer2;;ANCASH;AIJA;LA MERCED;18.000000;212165.000000;8920751.000000;3115.000000;Categoría 1 A2;0.00279000000;0.00032000000;0.00103000000;0.00006000000
33396;-77.6472989367851;-9.79281263909291;52.000000;ANA;Casma Huarmey;Cuenca Huarmey;137594;Otros;Rio Santiago;RSant1;;ANCASH;AIJA;HUACLLAN;18.000000;209588.000000;8916353.000000;2914.000000;Categoría 1 A2;0.02753000000;0.04260000000;0.02280000000;0.00232000000
33397;-77.647739103964;-9.79317966190368;53.000000;ANA;Casma Huarmey;Cuenca Huarmey;137594;Río;Aija;RAija1;;ANCASH;AIJA;HUACLLAN;18.000000;209540.000000;8916312.000000;2878.000000;Categoría 3;0.02038000000;0.00827000000;0.00932000000;0.00144000000
33398;-77.6734122688757;-9.70783812917359;54.000000;ANA;Casma Huarmey;Cuenca Huarmey;137594;Quebrada;MONTECRISTO;QMont2;;ANCASH;AIJA;LA MERCED;18.000000;206647.000000;8925735.000000;3966.000000;Categoría 3;0.01101000000;0.01106000000;0.08610000000;0.00082000000
33399;-77.6470159029436;-9.79388103957002;55.000000;ANA;Casma Huarmey;Cuenca Huarmey;137594;Río;Allma;RAllm1;;ANCASH;AIJA;SUCCHA;18.000000;209620.000000;8916235.000000;3350.000000;Categoría 1 A2;0.00643000000;0.00078000000;0.00196000000;0.00037000000
33400;-77.6733268692875;-9.70740509782721;56.000000;ANA;Casma Huarmey;Cuenca Huarmey;137594;Quebrada;Macshay;QMacs2;;ANCASH;AIJA;LA MERCED;18.000000;206656.000000;8925783.000000;3963.000000;Categoría 1 A2;0.00367000000;0.00210000000;0.00716000000;0.00029000000
33401;-77.8543153672705;-9.96196782492121;57.000000;ANA;Casma Huarmey;Cuenca Huarmey;137594;Río;Aija;RAija2;;ANCASH;HUARMEY;HUARMEY;18.000000;187021.000000;8897443.000000;536.000000;Categoría 3;0.03857000000;0.00465000000;0.01658000000;0.00049000000
33402;-77.5845498943176;-9.99420991266043;58.000000;ANA;Casma Huarmey;Cuenca Huarmey;137594;Río;Cotaparaco;RCota2;;ANCASH;RECUAY;COTAPARACO;18.000000;216649.000000;8894118.000000;2912.000000;Categoría 3;0.00338000000;0.00042000000;0.00082000000;0.00006000000
33403;-77.7737352072377;-9.97452758594795;59.000000;ANA;Casma Huarmey;Cuenca Huarmey;137594;Río;Cotaparaco;RCota4;;ANCASH;HUARMEY;COCHAPETI;18.000000;195875.000000;8896128.000000;918.000000;Categoría 3;0.00206000000;0.00036000000;0.00258000000;0.00010000000
33404;-77.7787082086358;-9.96664420895173;60.000000;ANA;Casma Huarmey;Cuenca Huarmey;137594;Río;Cotaparaco;RCota1;;ANCASH;HUARMEY;COCHAPETI;18.000000;195322.000000;8896996.000000;918.000000;Categoría 3;0.00358000000;0.00065000000;0.00241000000;0.00007000000
33405;-77.779909557554;-9.96537840404002;61.000000;ANA;Casma Huarmey;Cuenca Huarmey;137594;Río;Malvas;RMalv1;;ANCASH;HUARMEY;MALVAS;18.000000;195189.000000;8897135.000000;879.000000;Categoría 3;0.00322000000;0.00044000000;0.00192000000;0.00015000000
33406;-77.7896238639435;-9.96210817844026;62.000000;ANA;Casma Huarmey;Cuenca Huarmey;137594;Río;Malvas;RMalv2;;ANCASH;HUARMEY;MALVAS;18.000000;194120.000000;8897488.000000;715.000000;Categoría 3;0.00286000000;0.00047000000;0.00199000000;0.00007000000
33407;-77.8581478476496;-9.97928020225663;63.000000;ANA;Casma Huarmey;Cuenca Huarmey;137594;Río;Huarmey;RHuar1;;ANCASH;HUARMEY;HUARMEY;18.000000;186617.000000;8895523.000000;458.000000;Categoría 3;0.02612000000;0.00396000000;0.01190000000;0.00054000000
33408;-77.5910063892869;-9.81345138001074;64.000000;ANA;Casma Huarmey;Cuenca Huarmey;137594;Río;MALLQUI;RMall1;;ANCASH;AIJA;AIJA;18.000000;215785.000000;8914117.000000;3475.000000;Categoría 3;0.00869000000;0.00068000000;0.00259000000;0.00211000000
33409;-77.5694821290308;-9.7713446614548;65.000000;ANA;Casma Huarmey;Cuenca Huarmey;137594;Quebrada;Santiago;QSant1;;ANCASH;AIJA;AIJA;18.000000;218112.000000;8918795.000000;3854.000000;Categoría 1 A2;0.07423000000;0.14998000000;0.06348000000;0.02188000000
33410;-77.544124068359;-9.75733935904545;68.000000;ANA;Casma Huarmey;Cuenca Huarmey;137594;Otros;Quebrada Hércules;QHerc2;;ANCASH;AIJA;AIJA;18.000000;220884.000000;8920366.000000;4310.000000;Categoría 1 A2;0.29275000000;0.23323000000;0.13827000000;0.00259000000
33411;-77.5669369619624;-9.77205965919605;69.000000;ANA;Casma Huarmey;Cuenca Huarmey;137594;Otros;Quebrada Hércules;QHerc3;;ANCASH;AIJA;AIJA;18.000000;218392.000000;8918718.000000;3896.000000;Categoría 1 A2;0.75806000000;0.22052000000;0.58391000000;0.06244000000
33412;-77.5491986724736;-9.76701533898795;70.000000;ANA;Casma Huarmey;Cuenca Huarmey;137594;Otros;Quebrada Huayhuash;QHuay1;;ANCASH;AIJA;AIJA;18.000000;220335.000000;8919291.000000;4306.000000;Categoría 1 A2;0.00656000000;0.00304000000;0.00034000000;0.00010000000
33413;-77.5398863302159;-9.78948587920599;71.000000;ANA;Casma Huarmey;Cuenca Huarmey;137594;Laguna Natural;Jarancocha;LJara1;;ANCASH;AIJA;AIJA;18.000000;221376.000000;8916812.000000;4329.000000;Categoría 4;0.00306000000;0.00032000000;0.00110000000;0.00010000000
33414;-77.5403684241903;-9.7881900875647;72.000000;ANA;Casma Huarmey;Cuenca Huarmey;137594;Quebrada;PALLCA;QPall1;;ANCASH;AIJA;AIJA;18.000000;221322.000000;8916955.000000;4316.000000;Categoría 1 A2;0.00533000000;0.00041000000;0.00052000000;0.00008000000
33415;-77.561912289705;-9.77731138889266;73.000000;ANA;Casma Huarmey;Cuenca Huarmey;137594;Quebrada;PALLCA;QPall2;;ANCASH;AIJA;AIJA;18.000000;218948.000000;8918141.000000;4016.000000;Categoría 1 A2;0.00138000000;0.00034000000;0.00034000000;0.00010000000
33416;-77.6744278230551;-9.70957402196608;74.000000;ANA;Casma Huarmey;Cuenca Huarmey;137594;Quebrada;MONTECRISTO;QMont3;;ANCASH;AIJA;LA MERCED;18.000000;206537.000000;8925542.000000;3937.000000;Categoría 3;0.03446000000;0.04480000000;0.07468000000;0.00153000000
33417;-77.5635468105952;-9.77663039353559;75.000000;ANA;Casma Huarmey;Cuenca Huarmey;137594;Quebrada;PALLCA;QPall3;;ANCASH;AIJA;AIJA;18.000000;218768.000000;8918215.000000;3968.000000;Categoría 3;0.00686000000;0.00181000000;0.00211000000;0.00007000000
33418;-77.5846593677532;-9.9919139507792;76.000000;ANA;Casma Huarmey;Cuenca Huarmey;137594;Río;Cotaparaco;RCota3;;ANCASH;RECUAY;COTAPARACO;18.000000;216635.000000;8894372.000000;2951.000000;Categoría 3;0.00336000000;0.00037000000;0.00077000000;0.00006000000
33419;-77.5711486615016;-9.77009412676601;77.000000;ANA;Casma Huarmey;Cuenca Huarmey;137594;Otros;Quebrada Pascuco;QPacs1;;ANCASH;AIJA;AIJA;18.000000;217928.000000;8918932.000000;3855.000000;Categoría 1 A2;0.04559000000;0.00106000000;0.00034000000;0.00010000000
33420;-77.5719245136615;-9.77029609051467;78.000000;ANA;Casma Huarmey;Cuenca Huarmey;137594;Quebrada;Santiago;QSant3;;ANCASH;AIJA;AIJA;18.000000;217843.000000;8918909.000000;3839.000000;Categoría 1 A2;0.37618000000;0.56272000000;0.19845000000;0.00010000000
33421;-77.6110274127596;-9.77804905981675;79.000000;ANA;Casma Huarmey;Cuenca Huarmey;137594;Quebrada;Santiago;QSant4;;ANCASH;AIJA;AIJA;18.000000;213557.000000;8918018.000000;3292.000000;Categoría 1 A2;0.05663000000;0.16646000000;0.05373000000;0.00826000000
33422;-77.6799892580127;-9.68972503928923;80.000000;ANA;Casma Huarmey;Cuenca Huarmey;137594;Otros;Laguna Montecristo;LMont1;;ANCASH;AIJA;LA MERCED;18.000000;205909.000000;8927734.000000;4380.000000;Categoría 4;0.00499000000;0.00420000000;0.00496000000;0.00016000000
33423;-77.6637632172866;-9.69110742447379;81.000000;ANA;Casma Huarmey;Cuenca Huarmey;137594;Laguna Natural;Macshay;LMacs1;;ANCASH;AIJA;LA MERCED;18.000000;207692.000000;8927595.000000;4350.000000;Categoría 4;0.00074000000;0.00022000000;0.00050000000;0.00010000000
33424;-77.6776405757923;-9.69556216336114;82.000000;ANA;Casma Huarmey;Cuenca Huarmey;137594;Quebrada;MONTECRISTO;QMont1;;ANCASH;AIJA;LA MERCED;18.000000;206172.000000;8927090.000000;4188.000000;Categoría 3;0.02320000000;0.01796000000;0.04840000000;0.00207000000
33425;-77.6758838117609;-9.69910871759557;83.000000;ANA;Casma Huarmey;Cuenca Huarmey;137594;Otros;Quebrada No nominada;QNnom2;;ANCASH;AIJA;LA MERCED;18.000000;206368.000000;8926699.000000;4124.000000;Categoría 1 A2;0.01189000000;0.00110000000;0.00069000000;0.00007000000
33426;-77.6731399461158;-9.68957069845838;84.000000;ANA;Casma Huarmey;Cuenca Huarmey;137594;Otros;Quebrada No nominada;QNnom3;;ANCASH;AIJA;LA MERCED;18.000000;206661.000000;8927757.000000;4124.000000;Categoría 1 A2;0.00100000000;0.00040000000;0.00040000000;0.00010000000
33427;-77.5610370744968;-9.7784113552754;85.000000;ANA;Casma Huarmey;Cuenca Huarmey;137594;Otros;Quebrada No nominada;QNnom1;;ANCASH;AIJA;AIJA;18.000000;219045.000000;8918020.000000;4045.000000;Categoría 1 A2;0.00025000000;0.00011000000;0.00034000000;0.00010000000
33428;-77.8307848842149;-9.91630177938766;86.000000;ANA;Casma Huarmey;Cuenca Huarmey;137594;Río;Aija;RAija3;;ANCASH;HUARMEY;HUARMEY;18.000000;189560.000000;8902520.000000;968.000000;Categoría 3;0.00927000000;0.00187000000;0.00145000000;0.00076000000
33429;-77.9927735959586;-8.85749400871786;228.000000;ANA;Santa Lacramarca Nepeña;Cuenca Nepeña;137598;Laguna Natural;Capado;LCapa1;;ANCASH;SANTA;CACERES DEL PERU;18.000000;170781.000000;9019578.000000;4468.000000;Categoría 4;0.00328000000;0.00007000000;0.00057000000;0.00004000000
33430;-77.1033888791531;-10.1922937334184;243.000000;ANA;Barranca;Cuenca Pativilca;13758;Río;Pativilca;RPati2;;ANCASH;BOLOGNESI;HUASTA;18.000000;269566.000000;8872578.000000;2852.000000;Categoría 3;0.00523000000;0.00035000000;0.00595000000;0.00006000000
33431;-76.9439575588953;-10.1879660487844;244.000000;ANA;Barranca;Cuenca Pativilca;13758;Quebrada;Cuncush;QCunc1;;ANCASH;BOLOGNESI;HUASTA;18.000000;287036.000000;8873166.000000;3914.000000;Categoría 3;0.00108000000;0.00001000000;0.00020000000;0.00003000000
33432;-76.9477672216716;-10.1902303722168;245.000000;ANA;Barranca;Cuenca Pativilca;13758;Quebrada;Cuncush;QCunc2;;ANCASH;BOLOGNESI;HUASTA;18.000000;286620.000000;8872913.000000;3256.000000;Categoría 3;0.00193000000;0.00025000000;0.00129000000;0.00006000000
33433;-77.0797128192271;-10.203707709128;246.000000;ANA;Barranca;Cuenca Pativilca;13758;Río;LLÁMAC;RLlam2;;ANCASH;BOLOGNESI;HUASTA;18.000000;272169.000000;8871332.000000;2945.000000;Categoría 3;0.00318000000;0.00028000000;0.00097000000;0.00005000000
33434;-76.965203089935;-10.1959202691842;247.000000;ANA;Barranca;Cuenca Pativilca;13758;Río;LLÁMAC;RLlam3;;ANCASH;BOLOGNESI;HUASTA;18.000000;284713.000000;8872272.000000;0.000000;Categoría 3;0.00086000000;0.00006000000;0.00045000000;0.00004000000
33435;-77.1033383590189;-10.2012785429427;248.000000;ANA;Barranca;Cuenca Pativilca;13758;Río;Achín;RAchi1;;ANCASH;BOLOGNESI;HUASTA;18.000000;269578.000000;8871584.000000;2628.000000;Categoría 3;0.00126000000;0.00017000000;0.00110000000;0.00006000000
33436;-77.4248295820976;-10.6055479929378;249.000000;ANA;Barranca;Cuenca Pativilca;13758;Quebrada;Huanchay;QHuan1;;ANCASH;OCROS;COCHAS;18.000000;234682.000000;8826601.000000;813.000000;Categoría 3;0.00337000000;0.00014000000;0.00102000000;0.00006000000
33437;-77.0954147138025;-9.96220766883463;250.000000;ANA;Barranca;Cuenca Pativilca;13758;Río;Pativilca;RPati1;;ANCASH;BOLOGNESI;AQUIA;18.000000;270277.000000;8898039.000000;3911.000000;Categoría 3;0.00435000000;0.00035000000;0.00248000000;0.00006000000
33438;-77.0936592338141;-9.95429158036024;251.000000;ANA;Barranca;Cuenca Pativilca;13758;Quebrada;Huishcash;QHuis1;;ANCASH;BOLOGNESI;AQUIA;18.000000;270464.000000;8898916.000000;3946.000000;Categoría 3;0.00652000000;0.00029000000;0.00232000000;0.00006000000
33439;-77.4220682482691;-10.6098345722084;252.000000;ANA;Barranca;Cuenca Pativilca;13758;Río;Pativilca;RPati4;;ANCASH;OCROS;ACAS;18.000000;234988.000000;8826129.000000;740.000000;Categoría 3;0.01294000000;0.00076000000;0.00827000000;0.00006000000
33440;-77.0954863849439;-9.9577239388887;253.000000;ANA;Barranca;Cuenca Pativilca;13758;Río;Pativilca;RPati6;;ANCASH;BOLOGNESI;AQUIA;18.000000;270266.000000;8898535.000000;3911.000000;Categoría 3;0.00268000000;0.00004000000;0.00080000000;0.00004000000
33441;-77.1065864658633;-10.1859821938981;254.000000;ANA;Barranca;Cuenca Pativilca;13758;Río;Pativilca;RPati7;;ANCASH;BOLOGNESI;HUASTA;18.000000;269211.000000;8873274.000000;2817.000000;Categoría 3;0.00376000000;0.00006000000;0.00190000000;0.00004000000
33442;-77.1858790607687;-10.4736986218172;255.000000;ANA;Barranca;Cuenca Pativilca;13758;Río;Pativilca;RPati8;;ANCASH;BOLOGNESI;MANGAS;18.000000;260738.000000;8841383.000000;1433.000000;Categoría 3;0.00950000000;0.00006000000;0.00360000000;0.00004000000
33443;-77.1026863602611;-10.1936902188587;256.000000;ANA;Barranca;Cuenca Pativilca;13758;Río;Quero;RQuer1;;ANCASH;BOLOGNESI;HUASTA;18.000000;269644.000000;8872424.000000;2678.000000;Categoría 3;0.02393000000;0.00014000000;0.00906000000;0.00006000000
33444;-77.0537410478456;-10.1989459376593;257.000000;ANA;Barranca;Cuenca Pativilca;13758;Río;LLÁMAC;RLlam4;;ANCASH;BOLOGNESI;HUASTA;18.000000;275012.000000;8871877.000000;3040.000000;Categoría 3;0.00300000000;0.00044000000;0.00180000000;0.00005000000
33445;-77.1799747971263;-10.4807979143067;258.000000;ANA;Barranca;Cuenca Pativilca;13758;Río;Pativilca;RPati3;;ANCASH;BOLOGNESI;MANGAS;18.000000;261390.000000;8840602.000000;1498.000000;Categoría 3;0.01349000000;0.00065000000;0.00793000000;0.00006000000
33446;-77.097517096788;-10.1859501259675;259.000000;ANA;Barranca;Cuenca Pativilca;13758;Río;Quero;RQuer2;;ANCASH;BOLOGNESI;HUASTA;18.000000;270205.000000;8873284.000000;2732.000000;Categoría 3;0.01706000000;0.00037000000;0.00553000000;0.00006000000
33447;-77.9500212860076;-8.20526088280403;260.000000;ANA;Santa Lacramarca Nepeña;Cuenca Santa;1376;Río;Tablachaca;RTabl1;;ANCASH;PALLASCA;PALLASCA;18.000000;174936.000000;9091815.000000;2132.000000;Categoría 1 A2;0.00811000000;0.00055000000;0.00458000000;0.00006000000
33448;-77.9154151389558;-8.18601726166431;261.000000;ANA;Santa Lacramarca Nepeña;Cuenca Santa;1376;Río;Pampas;RPamp1;;ANCASH;PALLASCA;PAMPAS;18.000000;178737.000000;9093973.000000;2408.000000;Categoría 1 A2;0.00872000000;0.00199000000;0.01006000000;0.00006000000
33449;-77.7656079067271;-8.23881692602631;262.000000;ANA;Santa Lacramarca Nepeña;Cuenca Santa;1376;Laguna Natural;Challhuacocha;LChall1;;ANCASH;PALLASCA;CONCHUCOS;18.000000;195298.000000;9088246.000000;3880.000000;Categoría 4;0.03315000000;0.00017000000;0.00028000000;0.00006000000
33450;-77.7856340729115;-8.21034413999962;263.000000;ANA;Santa Lacramarca Nepeña;Cuenca Santa;1376;Otros;Quebrada Huachara;QHuah1;;ANCASH;PALLASCA;CONCHUCOS;18.000000;193068.000000;9091382.000000;4259.000000;Categoría 1 A2;0.00144000000;0.00001000000;0.00020000000;0.00003000000
33451;-77.794704311143;-8.23255268954676;264.000000;ANA;Santa Lacramarca Nepeña;Cuenca Santa;1376;Quebrada;Magistral;QMagi2;;ANCASH;PALLASCA;CONCHUCOS;18.000000;192085.000000;9088917.000000;3985.000000;Categoría 1 A2;0.05967000000;0.00001000000;0.00020000000;0.00003000000
33452;-77.7778684321065;-8.22038171628445;265.000000;ANA;Santa Lacramarca Nepeña;Cuenca Santa;1376;Quebrada;Magistral;QMagi1;;ANCASH;PALLASCA;CONCHUCOS;18.000000;193932.000000;9090277.000000;4068.000000;Categoría 1 A2;0.39127000000;0.00001000000;0.00020000000;0.00003000000
33453;-77.8541693115148;-8.13314169741479;266.000000;ANA;Santa Lacramarca Nepeña;Cuenca Santa;1376;Río;Plata;RPlat1;;ANCASH;PALLASCA;PAMPAS;18.000000;185450.000000;9099874.000000;3760.000000;Categoría 1 A2;0.01553000000;0.00001000000;0.00040000000;0.00003000000
33454;-77.8648232398794;-8.13835189871593;267.000000;ANA;Santa Lacramarca Nepeña;Cuenca Santa;1376;Río;Plata;RPlat2;;ANCASH;PALLASCA;PAMPAS;18.000000;184279.000000;9099289.000000;3525.000000;Categoría 1 A2;0.00960000000;0.01172000000;0.01420000000;0.00003000000
33455;-77.8598375375219;-8.26902715733345;268.000000;ANA;Santa Lacramarca Nepeña;Cuenca Santa;1376;Río;Conchucos;RConc1;;ANCASH;PALLASCA;LACABAMBA;18.000000;184932.000000;9084829.000000;3122.000000;Categoría 1 A2;0.00990000000;0.00011000000;0.00052000000;0.00005000000
33456;-77.8553078047619;-8.17219042600228;269.000000;ANA;Santa Lacramarca Nepeña;Cuenca Santa;1376;Quebrada;Pelagatos;QPela3;;ANCASH;PALLASCA;PAMPAS;18.000000;185355.000000;9095551.000000;3513.000000;Categoría 1 A2;0.01390000000;0.00148000000;0.00520000000;0.00003000000
33457;-77.9424712707179;-8.20200067771225;271.000000;ANA;Santa Lacramarca Nepeña;Cuenca Santa;1376;Río;Conchucos;RConc2;;ANCASH;PALLASCA;LACABAMBA;18.000000;175766.000000;9092182.000000;2089.000000;Categoría 1 A2;0.00741000000;0.00017000000;0.00062000000;0.00005000000
33458;-77.9725913547496;-8.68977616206033;272.000000;ANA;Huaraz;Cuenca Santa;1376;Río;Santa;RSant14;;ANCASH;HUAYLAS;HUALLANCA;18.000000;172856.000000;9038162.000000;980.000000;Categoría 1 A2;0.02738000000;0.00241000000;0.01800000000;0.00005000000
33459;-77.4923178791805;-9.8085350731224;273.000000;ANA;Huaraz;Cuenca Santa;1376;Otros;Laguna Rauca;LRauc2;;ANCASH;RECUAY;TICAPAMPA;18.000000;226613.000000;8914743.000000;4451.000000;Categoría 3;0.00552000000;0.00006000000;0.00240000000;0.00006000000
33460;-77.4937112430628;-9.80845253026146;274.000000;ANA;Huaraz;Cuenca Santa;1376;Otros;Laguna Rauca;LRauc1;;ANCASH;RECUAY;TICAPAMPA;18.000000;226460.000000;8914751.000000;4442.000000;Categoría 3;0.00794000000;0.00041000000;0.00770000000;0.00006000000
33461;-77.4961351470195;-9.80728704454268;275.000000;ANA;Huaraz;Cuenca Santa;1376;Otros;Quebrada Rauca;QRauc1;;ANCASH;RECUAY;TICAPAMPA;18.000000;226193.000000;8914878.000000;4506.000000;Categoría 3;0.00743000000;0.00001000000;0.00040000000;0.00003000000
33462;-77.8504956649235;-8.17256770877004;276.000000;ANA;Santa Lacramarca Nepeña;Cuenca Santa;1376;Quebrada;Pelagatos;QPela2;;ANCASH;PALLASCA;PAMPAS;18.000000;185886.000000;9095513.000000;3611.000000;Categoría 1 A2;0.01370000000;0.00001000000;0.00110000000;0.00003000000
33463;-77.523310429905;-9.74296369237697;277.000000;ANA;Huaraz;Cuenca Santa;1376;Quebrada;Sipchoc;QSipc2;;ANCASH;RECUAY;RECUAY;18.000000;223157.000000;8921974.000000;4463.000000;Categoría 3;0.24765000000;0.03653000000;0.15055000000;0.00005000000
33464;-77.8221047258259;-8.25590578151833;278.000000;ANA;Santa Lacramarca Nepeña;Cuenca Santa;1376;Laguna Natural;Llamacocha;LLlam1;;ANCASH;PALLASCA;CONCHUCOS;18.000000;189082.000000;9086311.000000;3507.000000;Categoría 4;0.02321000000;0.00017000000;0.00033000000;0.00006000000
33465;-77.4597045312931;-9.70735339138727;279.000000;ANA;Huaraz;Cuenca Santa;1376;Río;Santa;RSant17;;ANCASH;RECUAY;RECUAY;18.000000;230111.000000;8925966.000000;3397.000000;Categoría 3;0.09094000000;0.00097000000;0.00698000000;0.00005000000
33466;-77.4450110931731;-9.7472391189587;280.000000;ANA;Huaraz;Cuenca Santa;1376;Río;Santa;RSant2;;ANCASH;HUARAZ;OLLEROS;18.000000;231756.000000;8921564.000000;3448.000000;Categoría 3;0.02902000000;0.00022000000;0.00316000000;0.00006000000
33467;-77.4422222201248;-9.75706415658862;281.000000;ANA;Huaraz;Cuenca Santa;1376;Río;Santa;RSant1;;ANCASH;RECUAY;TICAPAMPA;18.000000;232070.000000;8920479.000000;3452.000000;Categoría 3;0.00786000000;0.00014000000;0.00179000000;0.00006000000
33468;-77.4348646174703;-9.80005136650883;282.000000;ANA;Huaraz;Cuenca Santa;1376;Río;Santa;RSant16;;ANCASH;RECUAY;CATAC;18.000000;232912.000000;8915728.000000;3541.000000;Categoría 3;0.00699000000;0.00028000000;0.00584000000;0.00005000000
33469;-77.4168012900384;-9.77543709673872;283.000000;ANA;Huaraz;Cuenca Santa;1376;Río;Yanayacu;RYana1;;ANCASH;RECUAY;CATAC;18.000000;234875.000000;8918466.000000;3572.000000;Categoría 4;0.00221000000;0.00014000000;0.00036000000;0.00006000000
33470;-77.9380718103872;-8.88082855072301;284.000000;ANA;Huaraz;Cuenca Santa;1376;Quebrada;Carhuaquero;QCarh2;;ANCASH;HUAYLAS;SANTO TORIBIO;18.000000;176824.000000;9017043.000000;3519.000000;Categoría 1 A2;0.00733000000;0.00001000000;0.00115000000;0.00003000000
33471;-77.407597206476;-9.75990432183415;285.000000;ANA;Huaraz;Cuenca Santa;1376;Otros;Quebrada Yarush;QYaru1;;ANCASH;RECUAY;TICAPAMPA;18.000000;235873.000000;8920192.000000;3742.000000;Categoría 3;0.01559000000;0.00006000000;0.00090000000;0.00004000000
33472;-77.9392909522694;-8.88107188656847;286.000000;ANA;Huaraz;Cuenca Santa;1376;Quebrada;Quishuar;QQuis1;;ANCASH;HUAYLAS;SANTO TORIBIO;18.000000;176690.000000;9017015.000000;3562.000000;Categoría 1 A2;0.00950000000;0.00045000000;0.00100000000;0.00003000000
33473;-77.5124987301071;-9.7333202760045;287.000000;ANA;Huaraz;Cuenca Santa;1376;Quebrada;Sipchoc;QSipc3;;ANCASH;RECUAY;RECUAY;18.000000;224336.000000;8923050.000000;4320.000000;Categoría 3;0.17689000000;0.04399000000;0.15043000000;0.00005000000
33474;-77.9757116548137;-8.68597577749113;288.000000;ANA;Huaraz;Cuenca Santa;1376;Río;Santa;RSant15;;ANCASH;HUAYLAS;HUALLANCA;18.000000;172509.000000;9038580.000000;935.000000;Categoría 1 A2;0.02380000000;0.00164000000;0.01455000000;0.00006000000
33475;-77.4776510057178;-9.52018145700687;289.000000;ANA;Huaraz;Cuenca Santa;1376;Río;Auqui;RAuqu1;;ANCASH;HUARAZ;HUARAZ;18.000000;227991.000000;8946664.000000;3322.000000;Categoría 1 A2;0.00067000000;0.00050000000;0.00226000000;0.00006000000
33476;-77.4843083352949;-9.51553439631378;290.000000;ANA;Huaraz;Cuenca Santa;1376;Río;Paria;RPari1;;ANCASH;HUARAZ;HUARAZ;18.000000;227256.000000;8947173.000000;3353.000000;Categoría 1 A2;0.00047000000;0.00024000000;0.00070000000;0.00006000000
33477;-77.5363154269431;-9.52934736172338;291.000000;ANA;Huaraz;Cuenca Santa;1376;Río;Santa;RSant5;;ANCASH;HUARAZ;HUARAZ;18.000000;221554.000000;8945603.000000;3019.000000;Categoría 3;0.04722000000;0.00042000000;0.00872000000;0.00006000000
33478;-77.9387747312195;-8.88126566447689;300.000000;ANA;Huaraz;Cuenca Santa;1376;Quebrada;Carhuaquero;QCarh1;;ANCASH;HUAYLAS;SANTO TORIBIO;18.000000;176747.000000;9016994.000000;3536.000000;Categoría 1 A2;0.00756000000;0.00001000000;0.00130000000;0.00003000000
33479;-77.1950125971355;-9.96082669486549;301.000000;ANA;Huaraz;Cuenca Santa;1376;Quebrada;Tuco;QTuco2;;ANCASH;BOLOGNESI;AQUIA;18.000000;259352.000000;8898121.000000;4480.000000;Categoría 4;0.00854000000;0.00101000000;0.01013000000;0.00005000000
33480;-77.8163523886735;-8.17203909884533;302.000000;ANA;Santa Lacramarca Nepeña;Cuenca Santa;1376;Quebrada;Pelagatos;QPela1;;ANCASH;PALLASCA;PAMPAS;18.000000;189651.000000;9095598.000000;3964.000000;Categoría 1 A2;0.02113000000;0.00024000000;0.00146000000;0.00006000000
33481;-77.7832243135427;-8.18594780878164;303.000000;ANA;Santa Lacramarca Nepeña;Cuenca Santa;1376;Laguna Natural;Quepina;LQuep1;;ANCASH;PALLASCA;PAMPAS;18.000000;193315.000000;9094084.000000;3910.000000;Categoría 4;0.02189000000;0.00017000000;0.00028000000;0.00006000000
33482;-77.4189794850514;-9.76419758880027;304.000000;ANA;Huaraz;Cuenca Santa;1376;Otros;Quebrada Yarush;QYaru2;;ANCASH;RECUAY;TICAPAMPA;18.000000;234627.000000;8919708.000000;3643.000000;Categoría 3;0.87133000000;0.00331000000;0.11177000000;0.00006000000
33483;-77.8847478077234;-8.6105529722286;305.000000;ANA;Huaraz;Cuenca Santa;1376;Río;Manta;RMant1;;ANCASH;CORONGO;CORONGO;18.000000;182465.000000;9047006.000000;1903.000000;Categoría 4;0.00586000000;0.00014000000;0.00313000000;0.00005000000
33484;-77.579606865313;-9.32080059731105;306.000000;ANA;Huaraz;Cuenca Santa;1376;Otros;Quebrada Honda;QHond3;;ANCASH;CARHUAZ;MARCARA;18.000000;216628.000000;8968647.000000;2854.000000;Categoría 4;0.03294000000;0.00398000000;0.00970000000;0.00003000000
33485;-77.5763529032584;-9.31995669069793;307.000000;ANA;Huaraz;Cuenca Santa;1376;Otros;Quebrada Honda;QHond2;;ANCASH;CARHUAZ;MARCARA;18.000000;216985.000000;8968743.000000;3848.000000;Categoría 4;0.01117000000;0.00171000000;0.01447000000;0.00007000000
33486;-77.5237170810768;-9.7582683165145;308.000000;ANA;Huaraz;Cuenca Santa;1376;Otros;Manantial Sipchoc;FSipc1;;ANCASH;RECUAY;RECUAY;18.000000;223125.000000;8920280.000000;4609.000000;Categoría 3;0.03315000000;0.04808000000;0.05390000000;0.00003000000
33487;-77.2521930553228;-10.0888029859318;309.000000;ANA;Huaraz;Cuenca Santa;1376;Quebrada;Collota;QColl1;;ANCASH;RECUAY;CATAC;18.000000;253177.000000;8883919.000000;4099.000000;Categoría 4;0.00318000000;0.00007000000;0.00165000000;0.00005000000
33488;-77.4794055323818;-9.67133555326949;310.000000;ANA;Huaraz;Cuenca Santa;1376;Río;Olleros;ROlle1;;ANCASH;HUARAZ;OLLEROS;18.000000;227919.000000;8929936.000000;3297.000000;Categoría 3;0.00649000000;0.00023000000;0.00099000000;0.00006000000
33489;-77.1980842122634;-9.95525697676628;311.000000;ANA;Huaraz;Cuenca Santa;1376;Quebrada;Tuco;QTuco1;;ANCASH;BOLOGNESI;AQUIA;18.000000;259011.000000;8898735.000000;4606.000000;Categoría 4;0.00704000000;0.00004000000;0.00185000000;0.00005000000
33490;-77.6841523640726;-8.99909461222751;312.000000;ANA;Huaraz;Cuenca Santa;1376;Laguna Natural;Parón;LParo1;;ANCASH;HUAYLAS;CARAZ;18.000000;204870.000000;9004166.000000;4337.000000;Categoría 4;0.00003000000;0.00001000000;0.00055000000;0.00003000000
33491;-77.2811127418018;-10.1158982757827;313.000000;ANA;Huaraz;Cuenca Santa;1376;Quebrada;Patishgo;QPati1;;ANCASH;RECUAY;CATAC;18.000000;250027.000000;8880899.000000;4026.000000;Categoría 3;0.08836000000;0.00040000000;0.00546000000;0.00010000000
33492;-77.283279295563;-10.1191729813105;314.000000;ANA;Huaraz;Cuenca Santa;1376;Laguna Natural;Conococha;LCono1;;ANCASH;RECUAY;CATAC;18.000000;249792.000000;8880535.000000;4025.000000;Categoría 4;0.04044000000;0.00009000000;0.00212000000;0.00006000000
33493;-77.5373528399328;-9.50463431532074;315.000000;ANA;Huaraz;Cuenca Santa;1376;Río;Santa;RSant19;;ANCASH;HUARAZ;INDEPENDENCIA;18.000000;221420.000000;8948337.000000;2970.000000;Categoría 3;0.03988000000;0.00042000000;0.00734000000;0.00005000000
33494;-77.572726373297;-9.31916966034957;316.000000;ANA;Huaraz;Cuenca Santa;1376;Otros;Quebrada Honda;QHond1;;ANCASH;CARHUAZ;MARCARA;18.000000;217383.000000;8968833.000000;2929.000000;Categoría 4;0.01472000000;0.00221000000;0.01638000000;0.00006000000
33495;-77.5346306946956;-9.5243263443131;317.000000;ANA;Huaraz;Cuenca Santa;1376;Río;Quilcay;RQuil1;;ANCASH;HUARAZ;HUARAZ;18.000000;221735.000000;8946160.000000;3041.000000;Categoría 3;0.00127000000;0.00045000000;0.00303000000;0.00006000000
33496;-77.8205417628491;-9.05137004853701;318.000000;ANA;Huaraz;Cuenca Santa;1376;Río;Llullán;RLlul1;;ANCASH;HUAYLAS;CARAZ;18.000000;189907.000000;8998267.000000;2214.000000;Categoría 3;0.00353000000;0.00009000000;0.00510000000;0.00005000000
33497;-77.5377613200381;-9.4822301170588;319.000000;ANA;Huaraz;Cuenca Santa;1376;Río;Santa;RSant6;;ANCASH;HUARAZ;INDEPENDENCIA;18.000000;221357.000000;8950816.000000;2948.000000;Categoría 3;0.01685000000;0.00048000000;0.00469000000;0.00006000000
33498;-77.6030697240713;-9.3319609440212;320.000000;ANA;Huaraz;Cuenca Santa;1376;Río;Santa;RSant7;;ANCASH;CARHUAZ;MARCARA;18.000000;214058.000000;8967393.000000;2709.000000;Categoría 3;0.01682000000;0.00049000000;0.01369000000;0.00006000000
33499;-77.5810653773641;-9.23666305189151;321.000000;ANA;Huaraz;Cuenca Santa;1376;Río;Chucchun;RChuc1;;ANCASH;CARHUAZ;CARHUAZ;18.000000;216400.000000;8977957.000000;3576.000000;Categoría 3;0.00083000000;0.00014000000;0.00086000000;0.00006000000
33500;-77.6514473837074;-9.07798827705967;322.000000;ANA;Huaraz;Cuenca Santa;1376;Quebrada;Llanganuco;QLlan1;;ANCASH;YUNGAY;YUNGAY;18.000000;208532.000000;8995461.000000;3841.000000;Categoría 3;0.00062000000;0.00014000000;0.00063000000;0.00006000000
33501;-77.7588925075669;-9.13577516029262;323.000000;ANA;Huaraz;Cuenca Santa;1376;Río;Ancash;RAnca2;;ANCASH;YUNGAY;YUNGAY;18.000000;196761.000000;8988977.000000;2358.000000;Categoría 3;0.01122000000;0.00003000000;0.00482000000;0.00005000000
33502;-77.7506860426498;-9.13380457967112;324.000000;ANA;Huaraz;Cuenca Santa;1376;Río;Ancash;RAnca1;;ANCASH;YUNGAY;YUNGAY;18.000000;197662.000000;8989202.000000;2433.000000;Categoría 3;0.01368000000;0.00006000000;0.00372000000;0.00005000000
33503;-77.8272515060277;-8.87790890132104;325.000000;ANA;Huaraz;Cuenca Santa;1376;Río;Santa;RSant8;;ANCASH;HUAYLAS;HUALLANCA;18.000000;189021.000000;9017461.000000;1855.000000;Categoría 3;0.01965000000;0.00071000000;0.01966000000;0.00006000000
33504;-77.8111212002215;-9.0566283984361;326.000000;ANA;Huaraz;Cuenca Santa;1376;Río;Santa;RSant21;;ANCASH;HUAYLAS;CARAZ;18.000000;190948.000000;8997693.000000;2218.000000;Categoría 3;0.02464000000;0.00066000000;0.03508000000;0.00005000000
33505;-77.8121930949867;-9.05538241552749;327.000000;ANA;Huaraz;Cuenca Santa;1376;Río;Santa;RSant22;;ANCASH;HUAYLAS;CARAZ;18.000000;190829.000000;8997830.000000;2210.000000;Categoría 3;0.02612000000;0.00070000000;0.04030000000;0.00005000000
33506;-77.6520792331164;-9.27432142220772;328.000000;ANA;Huaraz;Cuenca Santa;1376;Río;Santa;RSant20;;ANCASH;CARHUAZ;CARHUAZ;18.000000;208623.000000;8973732.000000;2595.000000;Categoría 3;0.01377000000;0.00064000000;0.01012000000;0.00005000000
33507;-77.5361592929974;-9.5254628486208;329.000000;ANA;Huaraz;Cuenca Santa;1376;Río;Santa;RSant18;;ANCASH;HUARAZ;HUARAZ;18.000000;221568.000000;8946033.000000;3039.000000;Categoría 3;0.03386000000;0.00036000000;0.01232000000;0.00005000000
33508;-77.988427622031;-8.02716902050058;349.000000;ANA;Santiago De Chuco;Cuenca Santa;1376;Otros;Quebrada La Verde;QLver1;;LA LIBERTAD;SANTIAGO DE CHUCO;CACHICADAN;18.000000;170555.000000;9111498.000000;3874.000000;Categoría 1 A2;0.00265000000;0.00001000000;0.00020000000;0.00003000000
33509;-77.032726873139;-9.50221381296915;350.000000;ANA;Huari;Intercuenca Alto Marañón V;49899;Otros;Manantial Ishanca;FIsha1;;ANCASH;HUARI;SAN MARCOS;18.000000;276847.000000;8948970.000000;4038.000000;Categoría 3;0.00000000000;0.00000000000;0.00000000000;0.00000000000
33510;-77.0260197098087;-9.51210576785311;351.000000;ANA;Huari;Intercuenca Alto Marañón V;49899;Otros;Manantial Rayo Ratanan;FRrat1;;ANCASH;HUARI;SAN MARCOS;18.000000;277590.000000;8947880.000000;4081.000000;Categoría 3;0.00000000000;0.00000000000;0.00000000000;0.00000000000
33511;-77.0250590155561;-9.50977916196237;352.000000;ANA;Huari;Intercuenca Alto Marañón V;49899;Otros;Manantial Rayan Patac;FRpat1;;ANCASH;HUARI;SAN MARCOS;18.000000;277694.000000;8948138.000000;3964.000000;Categoría 3;0.00100000000;0.00020000000;0.00060000000;0.00004000000
33512;-77.0301975132003;-9.51181031422269;353.000000;ANA;Huari;Intercuenca Alto Marañón V;49899;Otros;Manantial Ñaupamarca.;FÑaup5;;ANCASH;HUARI;SAN MARCOS;18.000000;277131.000000;8947910.000000;4253.000000;Categoría 3;0.00000000000;0.00000000000;0.00000000000;0.00000000000
33513;-77.0283238174958;-9.51216470394366;354.000000;ANA;Huari;Intercuenca Alto Marañón V;49899;Otros;Manantial Ñaupamarca;FÑaup6;;ANCASH;HUARI;SAN MARCOS;18.000000;277337.000000;8947872.000000;4186.000000;Categoría 3;0.00000000000;0.00000000000;0.00000000000;0.00000000000
33514;-77.0255268923476;-9.51346454562408;355.000000;ANA;Huari;Intercuenca Alto Marañón V;49899;Otros;Manantial Rayo Ratanan;FRrat2;;ANCASH;HUARI;SAN MARCOS;18.000000;277645.000000;8947730.000000;4060.000000;Categoría 3;0.00000000000;0.00000000000;0.00000000000;0.00000000000
33515;-77.0396944584772;-9.51329165207913;356.000000;ANA;Huari;Intercuenca Alto Marañón V;49899;Otros;Manantial Cuncush;FCunc1;;ANCASH;HUARI;SAN MARCOS;18.000000;276089.000000;8947740.000000;4369.000000;Categoría 3;0.00000000000;0.00000000000;0.00000000000;0.00000000000
33516;-77.0394086475103;-9.50808663874733;357.000000;ANA;Huari;Intercuenca Alto Marañón V;49899;Otros;Manantial Wishca Cuta.;FWcut1;;ANCASH;HUARI;SAN MARCOS;18.000000;276117.000000;8948316.000000;4238.000000;Categoría 3;0.00000000000;0.00000000000;0.00000000000;0.00000000000
33517;-77.0366836392881;-9.49535698765933;358.000000;ANA;Huari;Intercuenca Alto Marañón V;49899;Otros;Manantial Puca Yacu;FPyac1;;ANCASH;HUARI;SAN MARCOS;18.000000;276408.000000;8949726.000000;4214.000000;Categoría 3;0.00100000000;0.00020000000;0.00040000000;0.00004000000
33518;-77.0190314078783;-9.52535294268172;359.000000;ANA;Huari;Intercuenca Alto Marañón V;49899;Otros;Quebrada Huamanin;QHuaa1;;ANCASH;HUARI;SAN MARCOS;18.000000;278366.000000;8946419.000000;3782.000000;Categoría 3;0.00203000000;0.00017000000;0.00045000000;0.00030000000
33519;-77.0315536886996;-9.51171203083474;360.000000;ANA;Huari;Intercuenca Alto Marañón V;49899;Otros;Manantial Ñaupamarca.;FÑaup3;;ANCASH;HUARI;SAN MARCOS;18.000000;276982.000000;8947920.000000;4278.000000;Categoría 3;0.00000000000;0.00000000000;0.00000000000;0.00000000000
33520;-77.0405205063942;-9.4990317268976;361.000000;ANA;Huari;Intercuenca Alto Marañón V;49899;Otros;Manantial Linda Cruz;FLcru1;;ANCASH;HUARI;SAN MARCOS;18.000000;275989.000000;8949317.000000;4315.000000;Categoría 3;0.00000000000;0.00000000000;0.00000000000;0.00000000000
33521;-77.3702973389451;-9.11099338651093;362.000000;ANA;Pomabamba;Intercuenca Alto Marañón V;49899;Otros;Río Chucpin;RChuc1;;ANCASH;ASUNCION;ACOCHACA;18.000000;239480.000000;8992023.000000;2836.000000;Categoría 4;0.00217000000;0.00008000000;0.00576000000;0.00004000000
33522;-77.4792370663005;-8.81163975789992;363.000000;ANA;Pomabamba;Intercuenca Alto Marañón V;49899;Río;Pomabamba;RPoma1;;ANCASH;POMABAMBA;POMABAMBA;18.000000;227276.000000;9025068.000000;2473.000000;Categoría 3;0.00125000000;0.00013000000;0.00060000000;0.00006000000
33523;-77.4788191182834;-8.81299807424513;364.000000;ANA;Pomabamba;Intercuenca Alto Marañón V;49899;Quebrada;Jancapampa;QJanc1;;ANCASH;POMABAMBA;POMABAMBA;18.000000;227323.000000;9024918.000000;2970.000000;Categoría 3;0.00079000000;0.00014000000;0.00050000000;0.00006000000
33524;-77.4888063114293;-8.82558384113866;365.000000;ANA;Pomabamba;Intercuenca Alto Marañón V;49899;Quebrada;Jancapampa;QJanc2;;ANCASH;POMABAMBA;POMABAMBA;18.000000;226233.000000;9023518.000000;2978.000000;Categoría 3;0.00083000000;0.00014000000;0.00024000000;0.00006000000
33525;-77.4605366382675;-8.82491176428647;366.000000;ANA;Pomabamba;Intercuenca Alto Marañón V;49899;Río;Pomabamba;RPoma5;;ANCASH;POMABAMBA;POMABAMBA;18.000000;229344.000000;9023613.000000;2909.000000;Categoría 3;0.00112000000;0.00001000000;0.00080000000;0.00003000000
33526;-77.4562681849889;-8.82793104356567;367.000000;ANA;Pomabamba;Intercuenca Alto Marañón V;49899;Río;Pomabamba;RPoma4;;ANCASH;POMABAMBA;POMABAMBA;18.000000;229816.000000;9023282.000000;2884.000000;Categoría 3;0.00385000000;0.00010000000;0.00070000000;0.00007000000
33527;-77.4382053217383;-8.84446968798913;368.000000;ANA;Pomabamba;Intercuenca Alto Marañón V;49899;Otros;Río Vilcabamba;RVilc1;;ANCASH;MARISCAL LUZURIAGA;CASCA;18.000000;231816.000000;9021465.000000;3116.000000;Categoría 3;0.00100000000;0.00006000000;0.00035000000;0.00004000000
33528;-77.4233909146098;-8.85639582434549;369.000000;ANA;Pomabamba;Intercuenca Alto Marañón V;49899;Río;Pomabamba;RPoma2;;ANCASH;POMABAMBA;POMABAMBA;18.000000;233455.000000;9020156.000000;2721.000000;Categoría 3;0.00193000000;0.00013000000;0.00097000000;0.00006000000
33529;-77.3662529199032;-8.90881920295029;370.000000;ANA;Pomabamba;Intercuenca Alto Marañón V;49899;Río;Pomabamba;RPoma3;;ANCASH;POMABAMBA;POMABAMBA;18.000000;239780.000000;9014396.000000;2833.000000;Categoría 3;0.00117000000;0.00014000000;0.00176000000;0.00006000000
33530;-77.3100595612754;-8.94792785378272;371.000000;ANA;Pomabamba;Intercuenca Alto Marañón V;49899;Río;Yanamayo;RYana1;;ANCASH;MARISCAL LUZURIAGA;MUSGA;18.000000;245990.000000;9010108.000000;2248.000000;Categoría 3;0.00100000000;0.00040000000;0.00040000000;0.00010000000
33531;-77.3772695532817;-8.9888406572411;372.000000;ANA;Pomabamba;Intercuenca Alto Marañón V;49899;Río;Yurma;RYurm1;;ANCASH;YUNGAY;YANAMA;18.000000;238625.000000;9005534.000000;2460.000000;Categoría 3;0.00172000000;0.00013000000;0.00221000000;0.00006000000
33532;-77.3621884377678;-8.99019385116589;373.000000;ANA;Pomabamba;Intercuenca Alto Marañón V;49899;Río;Ashnocancha;RAshn2;;ANCASH;CARLOS FERMIN FITZCARRALD;SAN LUIS;18.000000;240285.000000;9005395.000000;2475.000000;Categoría 3;0.00176000000;0.00001000000;0.00460000000;0.00003000000
33533;-77.36242746205;-9.03535383010293;374.000000;ANA;Pomabamba;Intercuenca Alto Marañón V;49899;Río;Ashnocancha;RAshn1;;ANCASH;CARLOS FERMIN FITZCARRALD;SAN LUIS;18.000000;240291.000000;9000398.000000;2539.000000;Categoría 3;0.00244000000;0.00015000000;0.00343000000;0.00006000000
33534;-77.3219467183279;-9.08838493723327;375.000000;ANA;Pomabamba;Intercuenca Alto Marañón V;49899;Otros;Quebrada San Luis;QSlui1;;ANCASH;CARLOS FERMIN FITZCARRALD;SAN LUIS;18.000000;244781.000000;8994559.000000;2919.000000;Categoría 3;0.00226000000;0.00008000000;0.00413000000;0.00005000000
33535;-77.0308013185331;-9.50920344749886;376.000000;ANA;Huari;Intercuenca Alto Marañón V;49899;Otros;Manantial Alma Racra;FArac1;;ANCASH;HUARI;SAN MARCOS;18.000000;277063.000000;8948198.000000;4246.000000;Categoría 3;0.00000000000;0.00000000000;0.00000000000;0.00000000000
33536;-76.9861266301121;-9.54199411378774;377.000000;ANA;Huari;Intercuenca Alto Marañón V;49899;Otros;Manantial Illia Puquio;FIpuq1;;ANCASH;HUARI;SAN PEDRO DE CHANA;18.000000;281990.000000;8944599.000000;4365.000000;Categoría 3;0.00000000000;0.00000000000;0.00000000000;0.00000000000
33537;-77.0052432829662;-9.53448111247649;378.000000;ANA;Huari;Intercuenca Alto Marañón V;49899;Otros;Manantial Pachca Rumi;FPrum1;;ANCASH;HUARI;SAN MARCOS;18.000000;279886.000000;8945418.000000;4244.000000;Categoría 3;0.00100000000;0.00020000000;0.00260000000;0.00004000000
33538;-77.0079561807989;-9.5343389304842;379.000000;ANA;Huari;Intercuenca Alto Marañón V;49899;Otros;Manantial Choco Piltash;FCpil1;;ANCASH;HUARI;SAN MARCOS;18.000000;279588.000000;8945432.000000;4244.000000;Categoría 3;0.00100000000;0.00050000000;0.00520000000;0.00004000000
33539;-77.0098189174123;-9.53519598211101;380.000000;ANA;Huari;Intercuenca Alto Marañón V;49899;Otros;Manantial Quenual Pampa;FQpam1;;ANCASH;HUARI;SAN MARCOS;18.000000;279384.000000;8945336.000000;4231.000000;Categoría 3;0.00100000000;0.00030000000;0.00400000000;0.00004000000
33540;-77.0102453229013;-9.53803193176714;381.000000;ANA;Huari;Intercuenca Alto Marañón V;49899;Otros;Manantial Uchco Pampa;FUpam2;;ANCASH;HUARI;SAN MARCOS;18.000000;279339.000000;8945022.000000;4240.000000;Categoría 3;0.00100000000;0.00020000000;0.00040000000;0.00004000000
33541;-77.0096623114902;-9.53799913910505;382.000000;ANA;Huari;Intercuenca Alto Marañón V;49899;Otros;Manantial Uchco Pampa;FUpam1;;ANCASH;HUARI;SAN MARCOS;18.000000;279403.000000;8945026.000000;4248.000000;Categoría 3;0.00100000000;0.00020000000;0.00330000000;0.00004000000
33542;-77.3888355313255;-9.05701750526553;383.000000;ANA;Pomabamba;Intercuenca Alto Marañón V;49899;Río;Ruricocha;RRurc1;;ANCASH;YUNGAY;YANAMA;18.000000;237402.000000;8997982.000000;3043.000000;Categoría 4;0.00194000000;0.00008000000;0.00110000000;0.00005000000
33543;-76.9995439768511;-9.53784044180227;384.000000;ANA;Huari;Intercuenca Alto Marañón V;49899;Otros;Manantial AñashHuain;FAhua1;;ANCASH;HUARI;SAN MARCOS;18.000000;280514.000000;8945050.000000;4310.000000;Categoría 3;0.00100000000;0.00020000000;0.00040000000;0.00004000000
33544;-77.3854528629582;-9.06520952632126;385.000000;ANA;Pomabamba;Intercuenca Alto Marañón V;49899;Otros;Quebrada Chacapata;QChac1;;ANCASH;ASUNCION;ACOCHACA;18.000000;237780.000000;8997078.000000;3170.000000;Categoría 4;0.00700000000;0.00022000000;0.00298000000;0.00010000000
33545;-77.4517433849255;-9.21028652946316;386.000000;ANA;Pomabamba;Intercuenca Alto Marañón V;49899;Quebrada;Huichganga;QHuic2;;ANCASH;ASUNCION;CHACAS;18.000000;230598.000000;8980976.000000;3429.000000;Categoría 4;0.00277000000;0.00015000000;0.00830000000;0.00005000000
33546;-77.4378475299338;-9.17735904942488;387.000000;ANA;Pomabamba;Intercuenca Alto Marañón V;49899;Quebrada;Potaca;QPota1;;ANCASH;ASUNCION;CHACAS;18.000000;232101.000000;8984630.000000;3650.000000;Categoría 4;0.00700000000;0.00031000000;0.00100000000;0.00010000000
33547;-77.4255048498534;-9.18119258206594;388.000000;ANA;Pomabamba;Intercuenca Alto Marañón V;49899;Otros;Quebrada Vesubio;QVesu1;;ANCASH;ASUNCION;CHACAS;18.000000;233461.000000;8984215.000000;3459.000000;Categoría 4;0.00700000000;0.00018000000;0.00614000000;0.00010000000
33548;-77.4238411379685;-9.17861005520755;389.000000;ANA;Pomabamba;Intercuenca Alto Marañón V;49899;Otros;Quebrada Vesubio;QVesu2;;ANCASH;ASUNCION;CHACAS;18.000000;233642.000000;8984502.000000;3814.000000;Categoría 4;0.00187000000;0.00017000000;0.00663000000;0.00005000000
33549;-77.4037033069315;-9.17562670561132;390.000000;ANA;Pomabamba;Intercuenca Alto Marañón V;49899;Quebrada;Juitush;QJuit1;;ANCASH;ASUNCION;CHACAS;18.000000;235854.000000;8984847.000000;3404.000000;Categoría 4;0.00700000000;0.00026000000;0.00100000000;0.00010000000
33550;-77.5787821203225;-8.59852326916244;391.000000;ANA;Pomabamba;Intercuenca Alto Marañón V;49899;Río;Chullin;RChul3;;ANCASH;SIHUAS;SAN JUAN;18.000000;216158.000000;9048578.000000;2400.000000;Categoría 3;0.00266000000;0.00259000000;0.00501000000;0.00010000000
33551;-77.0034891670718;-9.53506973820451;392.000000;ANA;Huari;Intercuenca Alto Marañón V;49899;Otros;Manantial Toldo Rumi;FTrum1;;ANCASH;HUARI;SAN MARCOS;18.000000;280079.000000;8945354.000000;4248.000000;Categoría 3;0.00100000000;0.00020000000;0.00230000000;0.00004000000
33552;-77.1446050578152;-9.48512160901821;393.000000;ANA;Huari;Intercuenca Alto Marañón V;49899;Río;Mosna;RMosn7;;ANCASH;HUARI;SAN MARCOS;18.000000;264548.000000;8950787.000000;2872.000000;Categoría 3;0.00379000000;0.00051000000;0.00105000000;0.00007000000
33553;-77.6473515109486;-8.65508373534125;394.000000;ANA;Pomabamba;Intercuenca Alto Marañón V;49899;Otros;Río Andaymayo;RAnda2;;ANCASH;SIHUAS;SAN JUAN;18.000000;208649.000000;9042267.000000;2455.000000;Categoría 3;0.00007000000;0.00006000000;0.00052000000;0.00004000000
33554;-77.1883063782964;-9.65877954181146;395.000000;ANA;Huari;Intercuenca Alto Marañón V;49899;Otros;Quebrada Tambillos;QTamb1;;ANCASH;HUARI;CHAVIN DE HUANTAR;18.000000;259870.000000;8931544.000000;3421.000000;Categoría 3;0.00247000000;0.00138000000;0.00701000000;0.00006000000
33555;-77.1815903137759;-9.61723589108774;396.000000;ANA;Huari;Intercuenca Alto Marañón V;49899;Quebrada;Huayronga;QHuay1;;ANCASH;HUARI;SAN MARCOS;18.000000;260578.000000;8936145.000000;3262.000000;Categoría 3;0.00100000000;0.00040000000;0.00460000000;0.00010000000
33556;-77.1754923352006;-9.57936650540427;397.000000;ANA;Huari;Intercuenca Alto Marañón V;49899;Río;Mosna;RMosn2;;ANCASH;HUARI;CHAVIN DE HUANTAR;18.000000;261221.000000;8940339.000000;3110.000000;Categoría 3;0.00354000000;0.00042000000;0.00457000000;0.00007000000
33557;-77.1566886459287;-9.51744221176506;398.000000;ANA;Huari;Intercuenca Alto Marañón V;49899;Río;Mosna;RMosn3;;ANCASH;HUARI;SAN MARCOS;18.000000;263243.000000;8947203.000000;2920.000000;Categoría 3;0.00329000000;0.00041000000;0.00710000000;0.00011000000
33558;-77.0576256803365;-9.68563708682993;399.000000;ANA;Huari;Intercuenca Alto Marañón V;49899;Otros;Quebrada Canrash;QCanr1;;ANCASH;HUARI;SAN MARCOS;18.000000;274234.000000;8928662.000000;4277.000000;Categoría 3;0.00059000000;0.00006000000;0.00076000000;0.00004000000
33559;-77.1528009694303;-9.51020810034714;400.000000;ANA;Huari;Intercuenca Alto Marañón V;49899;Río;Mosna;RMosn4;;ANCASH;HUARI;CHAVIN DE HUANTAR;18.000000;263665.000000;8948006.000000;2914.000000;Categoría 3;0.00421000000;0.00045000000;0.00694000000;0.00008000000
33560;-77.0442717857868;-9.71899046059139;401.000000;ANA;Huari;Intercuenca Alto Marañón V;49899;Otros;Quebrada Pachachaca;QPach1;;ANCASH;HUARI;SAN MARCOS;18.000000;275722.000000;8924981.000000;4438.000000;Categoría 3;0.00068000000;0.00027000000;0.00140000000;0.00008000000
33561;-77.1627126182801;-9.4281475796649;402.000000;ANA;Huari;Intercuenca Alto Marañón V;49899;Río;Rurichinchay;RRuri1;;ANCASH;HUARI;HUARI;18.000000;262520.000000;8957078.000000;2708.000000;Categoría 3;0.00289000000;0.00028000000;0.00246000000;0.00006000000
33562;-77.1431938627212;-9.39529319260102;403.000000;ANA;Huari;Intercuenca Alto Marañón V;49899;Río;Mosna;RMosn5;;ANCASH;HUARI;HUARI;18.000000;264642.000000;8960726.000000;2622.000000;Categoría 3;0.00323000000;0.00033000000;0.00630000000;0.00007000000
33563;-77.1629444260147;-9.33929518350441;404.000000;ANA;Huari;Intercuenca Alto Marañón V;49899;Río;Huari;RHuar1;;ANCASH;HUARI;CAJAY;18.000000;262434.000000;8966908.000000;2853.000000;Categoría 3;0.00206000000;0.00032000000;0.00109000000;0.00007000000
33564;-77.1592226792221;-9.34821199438405;405.000000;ANA;Huari;Intercuenca Alto Marañón V;49899;Río;Huari;RHuar2;;ANCASH;HUARI;HUARI;18.000000;262849.000000;8965924.000000;2825.000000;Categoría 3;0.00196000000;0.00029000000;0.00111000000;0.00008000000
33565;-77.1441745828166;-9.39196094171351;406.000000;ANA;Huari;Intercuenca Alto Marañón V;49899;Río;Huari;RHuar3;;ANCASH;HUARI;CAJAY;18.000000;264532.000000;8961094.000000;2836.000000;Categoría 3;0.00391000000;0.00032000000;0.00170000000;0.00013000000
33566;-77.1336976106518;-9.39037927246569;407.000000;ANA;Huari;Intercuenca Alto Marañón V;49899;Río;Puchka;RPuch1;;ANCASH;HUARI;MASIN;18.000000;265682.000000;8961276.000000;2586.000000;Categoría 3;0.00292000000;0.00029000000;0.00468000000;0.00007000000
33567;-77.1551405554034;-9.51886182139618;408.000000;ANA;Huari;Intercuenca Alto Marañón V;49899;Quebrada;Carash;QCara1;;ANCASH;HUARI;SAN MARCOS;18.000000;263414.000000;8947047.000000;2948.000000;Categoría 3;0.00254000000;0.00030000000;0.00641000000;0.00007000000
33568;-77.6204716520067;-8.56378660534566;409.000000;ANA;Pomabamba;Intercuenca Alto Marañón V;49899;Río;Sihuas;RSihu3;;ANCASH;SIHUAS;SIHUAS;18.000000;211540.000000;9052391.000000;2505.000000;Categoría 3;0.00254000000;0.00037000000;0.00485000000;0.00005000000
33569;-77.0182963570246;-9.52113575812223;410.000000;ANA;Huari;Intercuenca Alto Marañón V;49899;Otros;Quebrada Ayash;QAyas3;;ANCASH;HUARI;HUACHIS;18.000000;278444.000000;8946886.000000;3709.000000;Categoría 3;0.00474000000;0.00023000000;0.00108000000;0.00011000000
33570;-77.5881036587967;-8.61412077650783;411.000000;ANA;Pomabamba;Intercuenca Alto Marañón V;49899;Río;Chullin;RChul1;;ANCASH;SIHUAS;SIHUAS;18.000000;215143.000000;9046845.000000;3405.000000;Categoría 3;0.00047000000;0.00010000000;0.00060000000;0.00005000000
33571;-77.6777775378814;-8.59172984834173;412.000000;ANA;Pomabamba;Intercuenca Alto Marañón V;49899;Quebrada;Bayococha;QBayo1;;ANCASH;SIHUAS;CASHAPAMPA;18.000000;205249.000000;9049255.000000;3797.000000;Categoría 3;0.00150000000;0.00021000000;0.00050000000;0.00005000000
33572;-77.6553558821169;-8.60121021687437;413.000000;ANA;Pomabamba;Intercuenca Alto Marañón V;49899;Río;Pasacancha;RPasa2;;ANCASH;SIHUAS;CASHAPAMPA;18.000000;207726.000000;9048223.000000;3151.000000;Categoría 3;0.07492000000;0.02302000000;0.03398000000;0.00005000000
33573;-77.6015045589011;-8.58076755973106;414.000000;ANA;Pomabamba;Intercuenca Alto Marañón V;49899;Río;Pasacancha;RPasa1;;ANCASH;SIHUAS;SIHUAS;18.000000;213642.000000;9050526.000000;2608.000000;Categoría 3;0.02323000000;0.01627000000;0.04085000000;0.00005000000
33574;-77.1441115452289;-9.67485757178976;415.000000;ANA;Huari;Intercuenca Alto Marañón V;49899;Río;Mosna;RMosn1;;ANCASH;HUARI;SAN MARCOS;18.000000;264733.000000;8929796.000000;3432.000000;Categoría 3;0.00194000000;0.00029000000;0.00177000000;0.00007000000
33575;-77.5792027884455;-8.59225817463237;416.000000;ANA;Pomabamba;Intercuenca Alto Marañón V;49899;Río;Sihuas;RSihu2;;ANCASH;SIHUAS;HUAYLLABAMBA;18.000000;216107.000000;9049271.000000;2403.000000;Categoría 3;0.00100000000;0.00040000000;0.00193000000;0.00010000000
33576;-77.5880904340816;-8.62285003033772;417.000000;ANA;Pomabamba;Intercuenca Alto Marañón V;49899;Río;Chullin;RChul2;;ANCASH;SIHUAS;SICSIBAMBA;18.000000;215151.000000;9045879.000000;2525.000000;Categoría 3;0.00252000000;0.00007000000;0.00115000000;0.00005000000
33577;-77.3613917764369;-8.5109948173724;418.000000;ANA;Pomabamba;Intercuenca Alto Marañón V;49899;Río;MARAÑON;RMara7;;LA LIBERTAD;PATAZ;HUANCASPATA;18.000000;240040.000000;9058417.000000;2901.000000;Categoría 3;0.00288000000;0.00006000000;0.00198000000;0.00004000000
33578;-77.3666955977182;-8.50834156636135;419.000000;ANA;Pomabamba;Intercuenca Alto Marañón V;49899;Río;Rupac;RRupa1;;ANCASH;POMABAMBA;PAROBAMBA;18.000000;239454.000000;9058707.000000;2753.000000;Categoría 3;0.00425000000;0.00035000000;0.00273000000;0.00006000000
33579;-77.5439101290184;-8.35604622972965;420.000000;ANA;Pomabamba;Intercuenca Alto Marañón V;49899;Río;Llama;RLlam1;;ANCASH;SIHUAS;QUICHES;18.000000;219823.000000;9075436.000000;1986.000000;Categoría 3;0.01626000000;0.00040000000;0.00161000000;0.00010000000
33580;-77.5407763784547;-8.35274081774665;421.000000;ANA;Pomabamba;Intercuenca Alto Marañón V;49899;Río;San Miguel;RSmig1;;ANCASH;SIHUAS;ACOBAMBA;18.000000;220166.000000;9075804.000000;1887.000000;Categoría 3;0.00100000000;0.00040000000;0.00209000000;0.00010000000
33581;-77.542026347462;-8.35660054720542;422.000000;ANA;Pomabamba;Intercuenca Alto Marañón V;49899;Río;Actuy;RActu1;;ANCASH;SIHUAS;ACOBAMBA;18.000000;220031.000000;9075376.000000;1778.000000;Categoría 3;0.01456000000;0.00040000000;0.00106000000;0.00010000000
33582;-77.4528967599763;-9.21003467292707;423.000000;ANA;Pomabamba;Intercuenca Alto Marañón V;49899;Quebrada;Huichganga;QHuic1;;ANCASH;ASUNCION;CHACAS;18.000000;230471.000000;8981003.000000;3818.000000;Categoría 4;0.00243000000;0.00010000000;0.00067000000;0.00005000000
33583;-77.6824584183506;-8.48077410889837;424.000000;ANA;Pomabamba;Intercuenca Alto Marañón V;49899;Río;Sihuas;RSihu1;;ANCASH;SIHUAS;SIHUAS;18.000000;204648.000000;9061531.000000;3365.000000;Categoría 3;0.00166000000;0.00018000000;0.00153000000;0.00005000000
33584;-76.945530251638;-9.09029778802648;425.000000;ANA;Huari;Intercuenca Alto Marañón V;49899;Río;Puchka;RPuch4;;ANCASH;HUARI;PAUCAS;18.000000;286173.000000;8994591.000000;2127.000000;Categoría 3;0.00423000000;0.00031000000;0.00658000000;0.00006000000
33585;-77.0437044950631;-9.71859612395;426.000000;ANA;Huari;Intercuenca Alto Marañón V;49899;Laguna Natural;Huachoccocha;LHuac1;;ANCASH;HUARI;SAN MARCOS;18.000000;275784.000000;8925025.000000;4420.000000;Categoría 4;0.00248000000;0.00030000000;0.00064000000;0.00007000000
33586;-77.0096014528429;-9.57108413013254;427.000000;ANA;Huari;Intercuenca Alto Marañón V;49899;Otros;Quebrada Ushpajanca;QUshp1;;ANCASH;HUARI;SAN MARCOS;18.000000;279431.000000;8941366.000000;4152.000000;Categoría 3;0.00240000000;0.00024000000;0.00047000000;0.00006000000
33587;-77.0326244027485;-9.58018830074983;428.000000;ANA;Huari;Intercuenca Alto Marañón V;49899;Quebrada;Huayoc;QHuao1;;ANCASH;HUARI;SAN MARCOS;18.000000;276909.000000;8940344.000000;4252.000000;Categoría 3;0.00100000000;0.00020000000;0.00180000000;0.00004000000
33588;-77.0235704405095;-9.58308868284692;429.000000;ANA;Huari;Intercuenca Alto Marañón V;49899;Otros;Quebrada Matara;QMata1;;ANCASH;HUARI;SAN MARCOS;18.000000;277905.000000;8940029.000000;4217.000000;Categoría 3;0.00228000000;0.00023000000;0.00079000000;0.00006000000
33589;-77.0144102002679;-9.59578826942969;430.000000;ANA;Huari;Intercuenca Alto Marañón V;49899;Otros;Laguna Nescafé;LNesc1;;ANCASH;HUARI;SAN MARCOS;18.000000;278919.000000;8938630.000000;4357.000000;Categoría 4;0.00187000000;0.00010000000;0.00079000000;0.00006000000
33590;-76.9931381781013;-9.54814616579426;431.000000;ANA;Huari;Intercuenca Alto Marañón V;49899;Otros;Manantial Negro Puquio;FNpuq2;;ANCASH;HUARI;SAN MARCOS;18.000000;281224.000000;8943914.000000;4341.000000;Categoría 3;0.00100000000;0.00020000000;0.00040000000;0.00004000000
33591;-77.0050132003123;-9.59622248335884;432.000000;ANA;Huari;Intercuenca Alto Marañón V;49899;Otros;Laguna Negrococha;LNegr1;;ANCASH;HUARI;SAN MARCOS;18.000000;279951.000000;8938588.000000;4408.000000;Categoría 4;0.00100000000;0.00020000000;0.00040000000;0.00004000000
33592;-76.9970889185926;-9.5619179115273;433.000000;ANA;Huari;Intercuenca Alto Marañón V;49899;Otros;Manantial Jatun Huiscash;FJhui1;;ANCASH;HUARI;SAN MARCOS;18.000000;280799.000000;8942388.000000;4252.000000;Categoría 3;0.00100000000;0.00020000000;0.00040000000;0.00004000000
33593;-77.0146958715979;-9.29731904755358;434.000000;ANA;Huari;Intercuenca Alto Marañón V;49899;Otros;Quebrada Shushu;QShus1;;ANCASH;ANTONIO RAYMONDI;ACZO;18.000000;278697.000000;8971648.000000;2376.000000;Categoría 3;0.00376000000;0.00028000000;0.00108000000;0.00009000000
33594;-77.0238541454865;-9.31216441570182;435.000000;ANA;Huari;Intercuenca Alto Marañón V;49899;Río;Puchka;RPuch6;;ANCASH;HUARI;PAUCAS;18.000000;277700.000000;8970000.000000;2614.000000;Categoría 3;0.00200000000;0.00050000000;0.00645000000;0.00010000000
33595;-77.0233854513771;-9.30820775206679;436.000000;ANA;Huari;Intercuenca Alto Marañón V;49899;Río;Puchka;RPuch5;;ANCASH;HUARI;MASIN;18.000000;277749.000000;8970438.000000;2375.000000;Categoría 3;0.00161000000;0.00006000000;0.00555000000;0.00004000000
33596;-77.0238901822147;-9.31210093415233;437.000000;ANA;Huari;Intercuenca Alto Marañón V;49899;Río;Puchka;RPuch3;;ANCASH;HUARI;PONTO;18.000000;277696.000000;8970007.000000;2379.000000;Categoría 3;0.00311000000;0.00032000000;0.00230000000;0.00010000000
33597;-77.0390764053419;-9.32734529207606;438.000000;ANA;Huari;Intercuenca Alto Marañón V;49899;Río;Colca;RColc1;;ANCASH;HUARI;PONTO;18.000000;276037.000000;8968311.000000;2427.000000;Categoría 3;0.00246000000;0.00029000000;0.00053000000;0.00008000000
33598;-77.0059522966408;-9.5342600808872;439.000000;ANA;Huari;Intercuenca Alto Marañón V;49899;Otros;Manantial Pachca Rumi;FPrum2;;ANCASH;HUARI;SAN MARCOS;18.000000;279808.000000;8945442.000000;4244.000000;Categoría 3;0.00100000000;0.00020000000;0.00160000000;0.00004000000
33599;-77.012188399948;-9.52928853686416;440.000000;ANA;Huari;Intercuenca Alto Marañón V;49899;Otros;Quebrada Huamanin;QHuaa2;;ANCASH;HUARI;SAN MARCOS;18.000000;279120.000000;8945988.000000;3982.000000;Categoría 3;0.00100000000;0.00020000000;0.00290000000;0.00004000000
33600;-77.0215461020612;-9.5271372248402;441.000000;ANA;Huari;Intercuenca Alto Marañón V;49899;Otros;Manantial Ashnu Puquio;FApuu1;;ANCASH;HUARI;SAN MARCOS;18.000000;278091.000000;8946220.000000;3891.000000;Categoría 3;0.00100000000;0.00020000000;0.00170000000;0.00004000000
33601;-77.0410069772541;-9.32911499400524;442.000000;ANA;Huari;Intercuenca Alto Marañón V;49899;Río;Puchka;RPuch2;;ANCASH;HUARI;MASIN;18.000000;275826.000000;8968114.000000;2433.000000;Categoría 3;0.00320000000;0.00025000000;0.00418000000;0.00013000000
33602;-77.0335877463421;-9.51076008971165;443.000000;ANA;Huari;Intercuenca Alto Marañón V;49899;Otros;Manantial Ñaupamarca.;FÑaup2;;ANCASH;HUARI;SAN MARCOS;18.000000;276758.000000;8948024.000000;4332.000000;Categoría 3;0.00000000000;0.00000000000;0.00000000000;0.00000000000
33603;-77.0323834296576;-9.51344276964112;444.000000;ANA;Huari;Intercuenca Alto Marañón V;49899;Otros;Manantial Ñaupamarca;FÑaup1;;ANCASH;HUARI;SAN MARCOS;18.000000;276892.000000;8947728.000000;4282.000000;Categoría 3;0.00000000000;0.00000000000;0.00000000000;0.00000000000
33604;-77.0336128418263;-9.51654516617856;445.000000;ANA;Huari;Intercuenca Alto Marañón V;49899;Otros;Manantial Yuchu Upianan;FYupi1;;ANCASH;HUARI;SAN MARCOS;18.000000;276759.000000;8947384.000000;4449.000000;Categoría 3;0.00000000000;0.00000000000;0.00000000000;0.00000000000
33605;-77.0330701065465;-9.52023640847627;446.000000;ANA;Huari;Intercuenca Alto Marañón V;49899;Otros;Manantial Asiag Puquio;FApuq2;;ANCASH;HUARI;SAN MARCOS;18.000000;276821.000000;8946976.000000;4464.000000;Categoría 3;0.00000000000;0.00000000000;0.00000000000;0.00000000000
33606;-76.9834881767928;-9.55187142775141;447.000000;ANA;Huari;Intercuenca Alto Marañón V;49899;Otros;Manantial Negro Puquio;FNpuq1;;ANCASH;HUARI;SAN MARCOS;18.000000;282286.000000;8943508.000000;4401.000000;Categoría 3;0.00100000000;0.00020000000;0.00050000000;0.00004000000
33607;-77.0205359623925;-9.52415101559823;448.000000;ANA;Huari;Intercuenca Alto Marañón V;49899;Otros;Quebrada Ayash;QAyas2;;ANCASH;HUARI;SAN MARCOS;18.000000;278200.000000;8946551.000000;3744.000000;Categoría 3;0.00513000000;0.00023000000;0.00167000000;0.00006000000
33608;-76.9550990656431;-9.06691434141334;449.000000;ANA;Huari;Intercuenca Alto Marañón V;49899;Río;MARAÑON;RMara6;;ANCASH;ANTONIO RAYMONDI;LLAMELLIN;18.000000;285107.000000;8997172.000000;2100.000000;Categoría 3;0.00429000000;0.00028000000;0.00403000000;0.00006000000
33609;-77.022852612084;-9.52632513326036;450.000000;ANA;Huari;Intercuenca Alto Marañón V;49899;Otros;Manantial Asiag Puquio;FApuq1;;ANCASH;HUARI;SAN MARCOS;18.000000;277947.000000;8946309.000000;3762.000000;Categoría 3;0.00536000000;0.00023000000;0.00051000000;0.00006000000
33610;-77.0254997398849;-9.53203173229306;451.000000;ANA;Huari;Intercuenca Alto Marañón V;49899;Otros;Manantial Arpa Puquio;FApuo1;;ANCASH;HUARI;SAN MARCOS;18.000000;277660.000000;8945676.000000;3835.000000;Categoría 3;0.00000000000;0.00000000000;0.00000000000;0.00000000000
33611;-77.0210208501632;-9.53536618770347;452.000000;ANA;Huari;Intercuenca Alto Marañón V;49899;Otros;Manantial Putaga Ñahuin;FPñah1;;ANCASH;HUARI;SAN MARCOS;18.000000;278154.000000;8945310.000000;4166.000000;Categoría 3;0.00200000000;0.00020000000;0.00040000000;0.00004000000
33612;-77.0274347715127;-9.53433457248201;453.000000;ANA;Huari;Intercuenca Alto Marañón V;49899;Otros;Quebrada Ayash;QAyas1;;ANCASH;HUARI;SAN MARCOS;18.000000;277449.000000;8945420.000000;3842.000000;Categoría 3;0.00892000000;0.00028000000;0.00052000000;0.00007000000
33613;-77.0239942578702;-9.55159280913294;454.000000;ANA;Huari;Intercuenca Alto Marañón V;49899;Laguna Natural;Huacaccocha;LHuaa1;;ANCASH;HUARI;SAN MARCOS;18.000000;277838.000000;8943513.000000;4157.000000;Categoría 4;0.00077000000;0.00010000000;0.00027000000;0.00005000000
33614;-77.0064111948875;-9.56442237690244;455.000000;ANA;Huari;Intercuenca Alto Marañón V;49899;Quebrada;Huishcas;QHuis1;;ANCASH;HUARI;SAN MARCOS;18.000000;279777.000000;8942105.000000;4133.000000;Categoría 3;0.00300000000;0.00026000000;0.00093000000;0.00008000000
33615;-77.017949758174;-9.50396272489511;456.000000;ANA;Huari;Intercuenca Alto Marañón V;49899;Otros;Quebrada Ayash;QAyas5;;ANCASH;HUARI;SAN MARCOS;18.000000;278471.000000;8948786.000000;3651.000000;Categoría 3;0.00400000000;0.00020000000;0.00120000000;0.00004000000
33616;-77.0172836345363;-9.48816551673099;457.000000;ANA;Huari;Intercuenca Alto Marañón V;49899;Otros;Quebrada Ayash;QAyas4;;ANCASH;HUARI;SAN PEDRO DE CHANA;18.000000;278534.000000;8950534.000000;3493.000000;Categoría 3;0.00467000000;0.00024000000;0.00076000000;0.00007000000
33617;-76.8801201974894;-9.8574047448083;458.000000;ANA;Alto Marañon;Intercuenca Alto Marañón V;49899;Río;Andachupa;RAnda1;;ANCASH;BOLOGNESI;HUALLANCA;18.000000;293823.000000;8909774.000000;3359.000000;Categoría 3;0.00148000000;0.00008000000;0.00037000000;0.00005000000
33618;-77.0617048939941;-9.57571392332424;459.000000;ANA;Huari;Intercuenca Alto Marañón V;49899;Otros;Laguna Shaguanga;LShah1;;ANCASH;HUARI;SAN MARCOS;18.000000;273713.000000;8940820.000000;4185.000000;Categoría 4;0.00325000000;0.00045000000;0.00070000000;0.00008000000
33619;-77.0595320827253;-9.57786009254008;460.000000;ANA;Huari;Intercuenca Alto Marañón V;49899;Otros;Quebrada Shaguanga;QShah1;;ANCASH;HUARI;SAN MARCOS;18.000000;273953.000000;8940584.000000;4182.000000;Categoría 4;0.00460000000;0.00021000000;0.00043000000;0.00006000000
33620;-77.0250784965105;-9.41982720567944;461.000000;ANA;Huari;Intercuenca Alto Marañón V;49899;Quebrada;Illahuasi;QIlla1;;ANCASH;HUARI;SAN PEDRO DE CHANA;18.000000;277634.000000;8958089.000000;2943.000000;Categoría 3;0.00196000000;0.00024000000;0.00054000000;0.00006000000
33621;-77.0267400293022;-9.41907641552366;462.000000;ANA;Huari;Intercuenca Alto Marañón V;49899;Otros;Río Pichiú;RPich2;;ANCASH;HUARI;HUACHIS;18.000000;277451.000000;8958171.000000;2937.000000;Categoría 3;0.00269000000;0.00024000000;0.00045000000;0.00010000000
33622;-77.0695741757396;-9.57431118240929;463.000000;ANA;Huari;Intercuenca Alto Marañón V;49899;Quebrada;Juprog;QJupr2;;ANCASH;HUARI;SAN MARCOS;18.000000;272848.000000;8940970.000000;4180.000000;Categoría 3;0.00100000000;0.00040000000;0.00520000000;0.00010000000
33623;-77.0174681358822;-9.48546164018055;464.000000;ANA;Huari;Intercuenca Alto Marañón V;49899;Otros;Río Pichiú;RPich1;;ANCASH;HUARI;SAN PEDRO DE CHANA;18.000000;278512.000000;8950833.000000;3474.000000;Categoría 3;0.00447000000;0.00024000000;0.00076000000;0.00006000000
33624;-77.0763793255213;-9.56865720396067;465.000000;ANA;Huari;Intercuenca Alto Marañón V;49899;Quebrada;Juprog;QJupr1;;ANCASH;HUARI;SAN MARCOS;18.000000;272097.000000;8941591.000000;4056.000000;Categoría 3;0.00351000000;0.00029000000;0.00200000000;0.00007000000
33625;-77.0158915376979;-9.48833624988593;466.000000;ANA;Huari;Intercuenca Alto Marañón V;49899;Quebrada;Ayapuno;QAyap2;;ANCASH;HUARI;SAN PEDRO DE CHANA;18.000000;278687.000000;8950516.000000;3487.000000;Categoría 3;0.00196000000;0.00024000000;0.00043000000;0.00007000000
33626;-77.0021812934139;-9.49969636257718;467.000000;ANA;Huari;Intercuenca Alto Marañón V;49899;Quebrada;Ayapuno;QAyap1;;ANCASH;HUARI;SAN PEDRO DE CHANA;18.000000;280200.000000;8949268.000000;3655.000000;Categoría 3;0.00192000000;0.00024000000;0.00045000000;0.00006000000
33627;-77.0022646068507;-9.49993091449832;468.000000;ANA;Huari;Intercuenca Alto Marañón V;49899;Otros;Quebrada Huancayoc;QHuan1;;ANCASH;HUARI;SAN PEDRO DE CHANA;18.000000;280191.000000;8949242.000000;3642.000000;Categoría 3;0.00225000000;0.00027000000;0.00050000000;0.00007000000
33628;-76.9793115473988;-9.54301826148534;469.000000;ANA;Huari;Intercuenca Alto Marañón V;49899;Otros;Quebrada Huancayoc.;QHuan2;;ANCASH;HUARI;SAN PEDRO DE CHANA;18.000000;282739.000000;8944490.000000;4175.000000;Categoría 3;0.00192000000;0.00024000000;0.00043000000;0.00006000000
33629;-77.0185855777831;-9.50058732033779;470.000000;ANA;Huari;Intercuenca Alto Marañón V;49899;Otros;Quebrada Huayno Patac;QHpat1;;ANCASH;HUARI;HUACHIS;18.000000;278399.000000;8949159.000000;3616.000000;Categoría 3;0.00182000000;0.00023000000;0.00051000000;0.00011000000
33630;-77.0303531590866;-9.51195403992091;471.000000;ANA;Huari;Intercuenca Alto Marañón V;49899;Otros;Manantial Ñaupamarca.;FÑaup4;;ANCASH;HUARI;SAN MARCOS;18.000000;277114.000000;8947894.000000;4246.000000;Categoría 3;0.00100000000;0.00020000000;0.00040000000;0.00004000000
33631;-77.0307567971619;-9.47226857127046;472.000000;ANA;Huari;Intercuenca Alto Marañón V;49899;Quebrada;Shilqui;QShil1;;ANCASH;HUARI;HUACHIS;18.000000;277044.000000;8952284.000000;3419.000000;Categoría 3;0.00208000000;0.00024000000;0.00043000000;0.00006000000
33632;-77.0750481691188;-9.5096935817193;473.000000;ANA;Huari;Intercuenca Alto Marañón V;49899;Otros;Quebrada Condorccocha;QCond1;;ANCASH;HUARI;SAN MARCOS;18.000000;272204.000000;8948115.000000;4249.000000;Categoría 4;0.00242000000;0.00024000000;0.00103000000;0.00006000000
33633;-77.0945357853691;-9.51152967305032;474.000000;ANA;Huari;Intercuenca Alto Marañón V;49899;Otros;Quebrada Callapo;QCall1;;ANCASH;HUARI;SAN MARCOS;18.000000;270065.000000;8947899.000000;4020.000000;Categoría 3;0.00222000000;0.00078000000;0.00316000000;0.00007000000
33634;-77.082151685854;-9.50388431753272;475.000000;ANA;Huari;Intercuenca Alto Marañón V;49899;Otros;Quebrada Tucush;QTucu1;;ANCASH;HUARI;SAN MARCOS;18.000000;271420.000000;8948753.000000;4040.000000;Categoría 4;0.00262000000;0.00055000000;0.05889000000;0.00007000000
33635;-77.0849447275192;-9.5020055989743;476.000000;ANA;Huari;Intercuenca Alto Marañón V;49899;Otros;Laguna Pajoshccocha;LPajo1;;ANCASH;HUARI;SAN MARCOS;18.000000;271112.000000;8948959.000000;4048.000000;Categoría 4;0.00255000000;0.00145000000;0.00738000000;0.00007000000
33636;-77.08396090994;-9.50193011505078;477.000000;ANA;Huari;Intercuenca Alto Marañón V;49899;Otros;Quebrada Contonga;QCont1;;ANCASH;HUARI;SAN MARCOS;18.000000;271220.000000;8948968.000000;4046.000000;Categoría 4;0.00524000000;0.00276000000;0.00980000000;0.00006000000
33637;-77.0791111015868;-9.49794561093368;478.000000;ANA;Huari;Intercuenca Alto Marañón V;49899;Otros;Quebrada Contonga;QCont2;;ANCASH;HUARI;SAN MARCOS;18.000000;271750.000000;8949412.000000;4304.000000;Categoría 3;0.00226000000;0.00270000000;0.01808000000;0.00008000000
33638;-77.0624320860527;-9.57548361959964;479.000000;ANA;Huari;Intercuenca Alto Marañón V;49899;Quebrada;Juprog;QJupr3;;ANCASH;HUARI;SAN MARCOS;18.000000;273633.000000;8940845.000000;4184.000000;Categoría 3;0.00228000000;0.00018000000;0.00107000000;0.00007000000
33639;-77.07639986306;-9.49375850222369;480.000000;ANA;Huari;Intercuenca Alto Marañón V;49899;Laguna Natural;Contonga;LCont2;;ANCASH;HUARI;SAN MARCOS;18.000000;272045.000000;8949877.000000;4274.000000;Categoría 4;0.00145000000;0.00173000000;0.04753000000;0.00005000000
33640;-77.0194505635724;-9.52384996123176;481.000000;ANA;Huari;Intercuenca Alto Marañón V;49899;Otros;Manantial Escalon Puquio;FEpuq1;;ANCASH;HUARI;SAN MARCOS;18.000000;278319.000000;8946585.000000;3771.000000;Categoría 3;0.00100000000;0.00020000000;0.00040000000;0.00004000000
33641;-77.0699069715479;-9.52387046537209;482.000000;ANA;Huari;Intercuenca Alto Marañón V;49899;Laguna Natural;Condorccocha;LCond2;;ANCASH;HUARI;SAN MARCOS;18.000000;272778.000000;8946550.000000;4433.000000;Categoría 4;0.00203000000;0.00010000000;0.00130000000;0.00005000000
33642;-77.096218812379;-9.55601887600204;483.000000;ANA;Huari;Intercuenca Alto Marañón V;49899;Quebrada;PAMPA MORUNA;QPmor2;;ANCASH;HUARI;SAN MARCOS;18.000000;269910.000000;8942976.000000;3635.000000;Categoría 3;0.00527000000;0.00016000000;0.00109000000;0.00006000000
33643;-76.8800870137833;-9.85798349208701;484.000000;ANA;Alto Marañon;Intercuenca Alto Marañón V;49899;Río;Vizcarra;RVizc2;;ANCASH;BOLOGNESI;HUALLANCA;18.000000;293827.000000;8909710.000000;3367.000000;Categoría 3;0.00400000000;0.00070000000;0.00070000000;0.00010000000
33644;-77.0912582267306;-9.55344550483487;485.000000;ANA;Huari;Intercuenca Alto Marañón V;49899;Otros;Quebrada Anta Mina;QAmin2;;ANCASH;HUARI;SAN MARCOS;18.000000;270453.000000;8943264.000000;3842.000000;Categoría 3;0.01200000000;0.00060000000;0.00100000000;0.00010000000
33645;-77.09551497767;-9.55558924569792;486.000000;ANA;Huari;Intercuenca Alto Marañón V;49899;Otros;Quebrada Anta Mina;QAmin1;;ANCASH;HUARI;SAN MARCOS;18.000000;269987.000000;8943024.000000;3675.000000;Categoría 3;0.01158000000;0.00025000000;0.00219000000;0.00006000000
33646;-77.0938094886752;-9.55814854053715;487.000000;ANA;Huari;Intercuenca Alto Marañón V;49899;Otros;Quebrada Pampa Moruna;QPmor1;;ANCASH;HUARI;SAN MARCOS;18.000000;270176.000000;8942742.000000;3667.000000;Categoría 3;0.00150000000;0.00016000000;0.00170000000;0.00006000000
33647;-77.0784911577341;-9.49630416727456;488.000000;ANA;Huari;Intercuenca Alto Marañón V;49899;Laguna Natural;Contonga;LCont1;;ANCASH;HUARI;SAN MARCOS;18.000000;271817.000000;8949594.000000;4284.000000;Categoría 4;0.00243000000;0.00180000000;0.01297000000;0.00007000000
33648;-78.2932148805382;-9.4791479809321;23.000000;ANA;Casma Huarmey;Cuenca Casma;137596;Río;Sechín;RSech4;;ANCASH;CASMA;CASMA;17.000000;797217.000000;8951017.000000;70.000000;Categoría 3;0.00000000000;0.00000000000;0.00000000000;0.00000000000
33649;-78.2899606469632;-9.47750550571181;24.000000;ANA;Casma Huarmey;Cuenca Casma;137596;Río;Sechín;RSech3;;ANCASH;CASMA;CASMA;17.000000;797576.000000;8951196.000000;109.000000;Categoría 3;0.00000000000;0.00000000000;0.00000000000;0.00000000000
33650;-78.0459700688923;-9.32758290179227;25.000000;ANA;Casma Huarmey;Cuenca Casma;137596;Río;Sechín;RSech2;;ANCASH;YUNGAY;QUILLO;17.000000;824529.000000;8967574.000000;1180.000000;Categoría 3;0.00721000000;0.00034000000;0.00064000000;0.00008000000
33651;-78.0249731032144;-9.32296346566471;26.000000;ANA;Casma Huarmey;Cuenca Casma;137596;Río;Sechín;RSech1;;ANCASH;YUNGAY;QUILLO;17.000000;826842.000000;8968066.000000;1383.000000;Categoría 3;0.00392000000;0.00034000000;0.00064000000;0.00008000000
33652;-78.0032202036518;-9.51264753294777;27.000000;ANA;Casma Huarmey;Cuenca Casma;137596;Río;Yaután;RYaut3;;ANCASH;CASMA;YAUTAN;17.000000;829054.000000;8947047.000000;761.000000;Categoría 3;0.00424000000;0.00034000000;0.00376000000;0.00008000000
33653;-78.1557755127773;-10.0734615806897;66.000000;ANA;Casma Huarmey;Cuenca Huarmey;137594;Río;Huarmey;RHuar2;;ANCASH;HUARMEY;HUARMEY;17.000000;811765.000000;8885111.000000;46.000000;Categoría 3;0.04064000000;0.00394000000;0.01680000000;0.00026000000
33654;-78.0294311177074;-10.0370933397955;67.000000;ANA;Casma Huarmey;Cuenca Huarmey;137594;Río;Huarmey;RHuar3;;ANCASH;HUARMEY;HUARMEY;17.000000;825662.000000;8889014.000000;30.000000;Categoría 3;0.01089000000;0.00204000000;0.00411000000;0.00028000000
33655;-78.1836933459735;-10.1001891163182;87.000000;ANA;Casma Huarmey;Cuenca Huarmey;137594;Mar;"Mar frente al distrito de 
Huarmey, aproximadamente 
a 160 m al sur oeste del muelle de Antamina";MHuar02;;ANCASH;HUARMEY;HUARMEY;17.000000;808677.000000;8882179.000000;0.000000;Categoría 1 A2;0.00200000000;0.00020000000;0.00050000000;0.00009000000
33656;-78.1834376347253;-10.098145201521;88.000000;ANA;Casma Huarmey;Cuenca Huarmey;137594;Mar;"Mar frente al distrito de 
Huarmey, aproximadamente
a 160 m al noroeste del muelle de Antamina";MHuar03;;ANCASH;HUARMEY;HUARMEY;17.000000;808707.000000;8882405.000000;0.000000;Categoría 1 A2;0.00200000000;0.00020000000;0.00050000000;0.00009000000
33657;-78.1811575844213;-10.0982431479186;89.000000;ANA;Casma Huarmey;Cuenca Huarmey;137594;Mar;"Mar frente al distrito de 
Huarmey, aproximadamente
a 150 m al noreste del muelle
de Antamina.";MHuar04;;ANCASH;HUARMEY;HUARMEY;17.000000;808957.000000;8882392.000000;0.000000;Categoría 1 A2;0.00200000000;0.00020000000;0.00050000000;0.00009000000
33658;-78.1717035639337;-10.0951086023079;90.000000;ANA;Casma Huarmey;Cuenca Huarmey;137594;Mar;"Mar frente al distrito de 
Huarmey, aproximadamente
a 150 m al norte del puerto de
AUSTRAL GROUP SAA";MHuar07;;ANCASH;HUARMEY;HUARMEY;17.000000;809997.000000;8882730.000000;0.000000;Categoría 1 A2;0.00200000000;0.00020000000;0.00050000000;0.00009000000
33659;-78.1895496589241;-10.1019104644009;91.000000;ANA;Casma Huarmey;Cuenca Huarmey;137594;Mar;"Mar frente al distrito de Huarmey, aproximadamente
a 1000 m al sur oeste del
muelle de Antamina.";MHuar01;;ANCASH;HUARMEY;HUARMEY;17.000000;808033.000000;8881994.000000;0.000000;Categoría 2;0.00200000000;0.00020000000;0.00050000000;0.00009000000
33660;-78.1850552891918;-10.0851045884156;92.000000;ANA;Casma Huarmey;Cuenca Huarmey;137594;Mar;"Mar frente al distrito de
Huarmey, al final del emisor
submarino de aguas residuales tratadas de AUSTRAL GROUP SAA (Actualmente no se encuentra en funcionamiento).";MHuar05;;ANCASH;HUARMEY;HUARMEY;17.000000;808542.000000;8883850.000000;0.000000;Categoría 2;0.00200000000;0.00020000000;0.00050000000;0.00009000000
33661;-78.1377017452304;-8.86498450413232;216.000000;ANA;Santa Lacramarca Nepeña;Cuenca Lacramarca;1375992;Quebrada;Huarón;QHuar1;;ANCASH;SANTA;CACERES DEL PERU;17.000000;814848.000000;9018862.000000;2651.000000;Categoría 3;0.00429000000;0.00025000000;0.00055000000;0.00006000000
33662;-78.554726547186;-9.08068362954412;217.000000;ANA;Santa Lacramarca Nepeña;Cuenca Lacramarca;1375992;Río;LACRAMARCA;RLacr3;;ANCASH;SANTA;CHIMBOTE;17.000000;768788.000000;8995322.000000;22.000000;Categoría 3;0.00927000000;0.00028000000;0.00525000000;0.00006000000
33663;-78.5397586468788;-9.00340629244069;218.000000;ANA;Santa Lacramarca Nepeña;Cuenca Lacramarca;1375992;Río;LACRAMARCA;RLacr2;;ANCASH;SANTA;CHIMBOTE;17.000000;770492.000000;9003862.000000;77.000000;Categoría 3;0.00978000000;0.00030000000;0.00485000000;0.00006000000
33664;-78.496149896362;-8.98155936809447;219.000000;ANA;Santa Lacramarca Nepeña;Cuenca Lacramarca;1375992;Río;LACRAMARCA;RLacr1;;ANCASH;SANTA;CHIMBOTE;17.000000;775306.000000;9006247.000000;112.000000;Categoría 3;0.00846000000;0.00040000000;0.00297000000;0.00006000000
33665;-78.2461293187184;-8.84077233127632;220.000000;ANA;Santa Lacramarca Nepeña;Cuenca Lacramarca;1375992;Otros;Quebrada Lupahuari;QLupa1;;ANCASH;SANTA;CHIMBOTE;17.000000;802932.000000;9021632.000000;1169.000000;Categoría 1 A2;0.00422000000;0.00025000000;0.00068000000;0.00006000000
33666;-78.2214733825915;-8.88817735902938;221.000000;ANA;Santa Lacramarca Nepeña;Cuenca Lacramarca;1375992;Quebrada;Huarón;QHuar2;;ANCASH;SANTA;MACATE;17.000000;805607.000000;9016365.000000;1395.000000;Categoría 3;0.00377000000;0.00025000000;0.00115000000;0.00006000000
33667;-78.0486422039724;-8.97189101542693;222.000000;ANA;Santa Lacramarca Nepeña;Cuenca Nepeña;137598;Quebrada;Mesita;QMesi1;;ANCASH;SANTA;CACERES DEL PERU;17.000000;824558.000000;9006951.000000;2120.000000;Categoría 1 A2;0.01203000000;0.00036000000;0.00047000000;0.00004000000
33668;-78.0403579870715;-8.95819306710023;223.000000;ANA;Santa Lacramarca Nepeña;Cuenca Nepeña;137598;Río;Grande;RGran1;;ANCASH;SANTA;CACERES DEL PERU;17.000000;825482.000000;9008460.000000;2341.000000;Categoría 1 A2;0.02946000000;0.00007000000;0.00027000000;0.00004000000
33669;-78.034183736851;-8.95548774065059;224.000000;ANA;Santa Lacramarca Nepeña;Cuenca Nepeña;137598;Quebrada;Huiri;QHuir1;;ANCASH;SANTA;CACERES DEL PERU;17.000000;826164.000000;9008754.000000;2442.000000;Categoría 1 A2;0.02457000000;0.00007000000;0.00043000000;0.00004000000
33670;-78.0325813872208;-8.95701961502139;225.000000;ANA;Santa Lacramarca Nepeña;Cuenca Nepeña;137598;Quebrada;Huampucayan;QHuam1;;ANCASH;SANTA;CACERES DEL PERU;17.000000;826339.000000;9008583.000000;2452.000000;Categoría 1 A2;0.01327000000;0.00007000000;0.00027000000;0.00004000000
33671;-78.0136952089534;-8.98786999603007;226.000000;ANA;Santa Lacramarca Nepeña;Cuenca Nepeña;137598;Quebrada;Matar;QMata1;;ANCASH;SANTA;CACERES DEL PERU;17.000000;828390.000000;9005151.000000;2712.000000;Categoría 1 A2;0.00984000000;0.00006000000;0.00020000000;0.00004000000
33672;-78.0169492936058;-8.89065204194033;227.000000;ANA;Santa Lacramarca Nepeña;Cuenca Nepeña;137598;Laguna Natural;Mata Mata;LMmat1;;ANCASH;SANTA;CACERES DEL PERU;17.000000;828119.000000;9015916.000000;4622.000000;Categoría 4;0.00021000000;0.00007000000;0.00023000000;0.00004000000
33673;-78.009288847403;-8.85853128427324;229.000000;ANA;Santa Lacramarca Nepeña;Cuenca Nepeña;137598;Laguna Natural;Coñorangra;LCoño1;;ANCASH;SANTA;CACERES DEL PERU;17.000000;828991.000000;9019465.000000;4370.000000;Categoría 4;0.01153000000;0.00007000000;0.00023000000;0.00004000000
33674;-78.08488512436;-8.98789794256075;230.000000;ANA;Santa Lacramarca Nepeña;Cuenca Nepeña;137598;Río;Colcap;RColc1;;ANCASH;SANTA;CACERES DEL PERU;17.000000;820555.000000;9005211.000000;1652.000000;Categoría 1 A2;0.01780000000;0.00007000000;0.00113000000;0.00004000000
33675;-78.0010034651958;-8.8867300102917;231.000000;ANA;Santa Lacramarca Nepeña;Cuenca Nepeña;137598;Laguna Natural;Huiri;LHuir1;;ANCASH;SANTA;CACERES DEL PERU;17.000000;829878.000000;9016336.000000;4472.000000;Categoría 4;0.00526000000;0.00007000000;0.00030000000;0.00004000000
33676;-78.1627206544533;-9.14426831817363;232.000000;ANA;Santa Lacramarca Nepeña;Cuenca Nepeña;137598;Río;Loco;RLoco1;;ANCASH;SANTA;MORO;17.000000;811854.000000;8987970.000000;589.000000;Categoría 1 A2;0.01210000000;0.00006000000;0.00160000000;0.00004000000
33677;-78.0482758939379;-8.9700000621074;233.000000;ANA;Santa Lacramarca Nepeña;Cuenca Nepeña;137598;Río;Grande;RGran2;;ANCASH;SANTA;CACERES DEL PERU;17.000000;824600.000000;9007160.000000;2136.000000;Categoría 1 A2;0.05001000000;0.00007000000;0.00040000000;0.00004000000
33678;-78.428951284534;-9.26006658153452;234.000000;ANA;Santa Lacramarca Nepeña;Cuenca Nepeña;137598;Río;Samanco;RSama1;;ANCASH;SANTA;SAMANCO;17.000000;782480.000000;8975375.000000;38.000000;Categoría 3;0.01660000000;0.00006000000;0.00030000000;0.00004000000
33679;-78.0863793424077;-8.98625655429299;235.000000;ANA;Santa Lacramarca Nepeña;Cuenca Nepeña;137598;Quebrada;Carhuamarca;QCarh1;;ANCASH;SANTA;CACERES DEL PERU;17.000000;820392.000000;9005394.000000;1646.000000;Categoría 1 A2;0.00830000000;0.00007000000;0.00053000000;0.00004000000
33680;-78.2510527900133;-9.16308234275488;236.000000;ANA;Santa Lacramarca Nepeña;Cuenca Nepeña;137598;Río;Nepeña;RNepe2;;ANCASH;SANTA;NEPEÑA;17.000000;802122.000000;8985963.000000;299.000000;Categoría 3;0.00526000000;0.00001000000;0.00050000000;0.00003000000
33681;-78.1965164472659;-9.13561405080059;237.000000;ANA;Santa Lacramarca Nepeña;Cuenca Nepeña;137598;Río;Nepeña;RNepe1;;ANCASH;SANTA;NEPEÑA;17.000000;808144.000000;8988957.000000;438.000000;Categoría 3;0.00468000000;0.00006000000;0.00020000000;0.00004000000
33682;-78.169343747849;-9.0987050154951;238.000000;ANA;Santa Lacramarca Nepeña;Cuenca Nepeña;137598;Río;Larea;RLare1;;ANCASH;SANTA;MORO;17.000000;811165.000000;8993019.000000;604.000000;Categoría 1 A2;0.00382000000;0.00001000000;0.00020000000;0.00003000000
33683;-78.0581573585814;-9.10476181800499;239.000000;ANA;Santa Lacramarca Nepeña;Cuenca Nepeña;137598;Río;Uchupacancha;RUchu1;;ANCASH;HUAYLAS;PAMPAROMAS;17.000000;823392.000000;8992251.000000;1370.000000;Categoría 1 A2;0.00186000000;0.00006000000;0.00020000000;0.00004000000
33684;-78.1483828554309;-9.03422603354713;240.000000;ANA;Santa Lacramarca Nepeña;Cuenca Nepeña;137598;Otros;Rio Lampanin;RLamp2;;ANCASH;SANTA;CACERES DEL PERU;17.000000;813527.000000;9000138.000000;949.000000;Categoría 3;0.00432000000;0.00007000000;0.00027000000;0.00004000000
33685;-78.1421362477347;-8.92913529508255;241.000000;ANA;Santa Lacramarca Nepeña;Cuenca Nepeña;137598;Otros;Rio Lampanin;RLamp1;;ANCASH;SANTA;CACERES DEL PERU;17.000000;814305.000000;9011765.000000;2069.000000;Categoría 3;0.00207000000;0.00001000000;0.00020000000;0.00003000000
33686;-78.1468528781134;-9.03462971385435;242.000000;ANA;Santa Lacramarca Nepeña;Cuenca Nepeña;137598;Río;Jimbe;RJimb1;;ANCASH;SANTA;CACERES DEL PERU;17.000000;813695.000000;9000092.000000;947.000000;Categoría 1 A2;0.01671000000;0.00018000000;0.00173000000;0.00004000000
33687;-78.0908670674503;-8.29782461292348;270.000000;ANA;Santa Lacramarca Nepeña;Cuenca Santa;1376;Otros;Río Huandoval;RHuan1;;ANCASH;PALLASCA;PALLASCA;17.000000;820480.000000;9081602.000000;1567.000000;Categoría 1 A2;0.02841000000;0.00469000000;0.01062000000;0.00006000000
33688;-78.2353696081897;-8.65435306903189;292.000000;ANA;Santa Lacramarca Nepeña;Cuenca Santa;1376;Río;Santa;RSant9;;ANCASH;SANTA;MACATE;17.000000;804268.000000;9042256.000000;495.000000;Categoría 1 A2;0.02109000000;0.00107000000;0.01564000000;0.00006000000
33689;-78.1714920735007;-8.50063938476176;293.000000;ANA;Santa Lacramarca Nepeña;Cuenca Santa;1376;Río;Tablachaca;RTabl3;;ANCASH;PALLASCA;TAUCA;17.000000;811429.000000;9059218.000000;1045.000000;Categoría 1 A2;0.08076000000;0.00287000000;0.03735000000;0.00006000000
33690;-78.1481436615582;-8.44621642965446;294.000000;ANA;Santa Lacramarca Nepeña;Cuenca Santa;1376;Río;Tablachaca;RTabl2;;ANCASH;PALLASCA;TAUCA;17.000000;814046.000000;9065223.000000;1140.000000;Categoría 1 A2;0.06176000000;0.00184000000;0.02604000000;0.00006000000
33691;-78.6431558438084;-8.97063417219687;295.000000;ANA;Santa Lacramarca Nepeña;Cuenca Santa;1376;Río;Santa;RSant13;;ANCASH;SANTA;SANTA;17.000000;759141.000000;9007563.000000;13.000000;Categoría 1 A2;0.03807000000;0.00120000000;0.02366000000;0.00006000000
33692;-78.4603433776471;-8.7401628586384;296.000000;ANA;Santa Lacramarca Nepeña;Cuenca Santa;1376;Río;Santa;RSant11;;ANCASH;SANTA;CHIMBOTE;17.000000;779428.000000;9032933.000000;254.000000;Categoría 1 A2;0.03859000000;0.00138000000;0.02847000000;0.00006000000
33693;-78.2950170369323;-8.66021913951228;297.000000;ANA;Santa Lacramarca Nepeña;Cuenca Santa;1376;Río;Santa;RSant10;;ANCASH;SANTA;CHIMBOTE;17.000000;797694.000000;9041654.000000;425.000000;Categoría 1 A2;0.03392000000;0.00159000000;0.02343000000;0.00006000000
33694;-78.1715803026498;-8.50098334561954;298.000000;ANA;Santa Lacramarca Nepeña;Cuenca Santa;1376;Otros;Río Anco;RAnco1;;ANCASH;PALLASCA;SANTA ROSA;17.000000;811419.000000;9059180.000000;1060.000000;Categoría 1 A2;0.01810000000;0.00031000000;0.02193000000;0.00005000000
33695;-78.1339788620153;-8.3673143405629;299.000000;ANA;Santa Lacramarca Nepeña;Cuenca Santa;1376;Río;Boca Cabanas;RBcab1;;ANCASH;PALLASCA;BOLOGNESI;17.000000;815671.000000;9073945.000000;1276.000000;Categoría 1 A2;0.03360000000;0.00248000000;0.02771000000;0.00006000000
33696;-78.621804060174;-8.96640325818522;330.000000;ANA;Santa Lacramarca Nepeña;Cuenca Santa;1376;Río;Santa;RSant12;;ANCASH;SANTA;SANTA;17.000000;761493.000000;9008016.000000;40.000000;Categoría 1 A2;0.04118000000;8.42966000000;0.02471000000;0.00006000000
33697;-78.2398332513779;-7.97849142309617;331.000000;ANA;Santiago De Chuco;Cuenca Santa;1376;Laguna Natural;Verdes;LVerd1;;LA LIBERTAD;SANTIAGO DE CHUCO;QUIRUVILCA;17.000000;804298.000000;9117062.000000;4092.000000;Categoría 4;0.00053000000;0.00047000000;0.00570000000;0.00003000000
33698;-78.242289099116;-7.97720669750487;332.000000;ANA;Santiago De Chuco;Cuenca Santa;1376;Laguna Natural;Verdes;LVerd2;;LA LIBERTAD;SANTIAGO DE CHUCO;QUIRUVILCA;17.000000;804028.000000;9117206.000000;4075.000000;Categoría 4;0.00003000000;0.00016000000;0.00083000000;0.00003000000
33699;-78.2435897474981;-7.97788398499553;333.000000;ANA;Santiago De Chuco;Cuenca Santa;1376;Laguna Natural;Verdes;LVerd3;;LA LIBERTAD;SANTIAGO DE CHUCO;QUIRUVILCA;17.000000;803884.000000;9117132.000000;4077.000000;Categoría 4;0.00074000000;0.00030000000;0.00123000000;0.00003000000
33700;-78.2484991374775;-7.98919292283818;334.000000;ANA;Santiago De Chuco;Cuenca Santa;1376;Otros;Río Caballo Moro;RCmor1;;LA LIBERTAD;SANTIAGO DE CHUCO;QUIRUVILCA;17.000000;803334.000000;9115884.000000;4005.000000;Categoría 1 A2;0.00027000000;0.00001000000;0.00040000000;0.00003000000
33701;-78.0163735157247;-8.13842632321483;335.000000;ANA;Santiago De Chuco;Cuenca Santa;1376;Río;Piscochaca;RPisc1;;LA LIBERTAD;SANTIAGO DE CHUCO;MOLLEBAMBA;17.000000;828825.000000;9099186.000000;2751.000000;Categoría 1 A2;0.04957000000;0.00877000000;0.08084000000;0.00006000000
33702;-78.0444028699031;-8.13252455122635;336.000000;ANA;Santiago De Chuco;Cuenca Santa;1376;Quebrada;Negra;QNegr1;;LA LIBERTAD;SANTIAGO DE CHUCO;ANGASMARCA;17.000000;825738.000000;9099862.000000;2840.000000;Categoría 1 A2;0.15966000000;0.01225000000;0.00393000000;0.00006000000
33703;-78.2427606536309;-7.98527847548222;337.000000;ANA;Santiago De Chuco;Cuenca Santa;1376;Laguna Natural;Los Ángeles;LLang1;;LA LIBERTAD;SANTIAGO DE CHUCO;QUIRUVILCA;17.000000;803970.000000;9116313.000000;4063.000000;Categoría 4;0.00183000000;0.00017000000;0.00238000000;0.00006000000
33704;-78.2471009867146;-7.98818067510609;338.000000;ANA;Santiago De Chuco;Cuenca Santa;1376;Laguna Natural;Del Toro;LToro1;;LA LIBERTAD;SANTIAGO DE CHUCO;QUIRUVILCA;17.000000;803489.000000;9115995.000000;4012.000000;Categoría 4;0.00068000000;0.00017000000;0.00146000000;0.00006000000
33705;-78.1726921559262;-8.15166132126915;339.000000;ANA;Santiago De Chuco;Cuenca Santa;1376;Río;Patarata;RPata1;;LA LIBERTAD;SANTIAGO DE CHUCO;SANTIAGO DE CHUCO;17.000000;811573.000000;9097845.000000;2992.000000;Categoría 1 A2;0.00512000000;0.00017000000;0.00523000000;0.00006000000
33706;-78.2034189683998;-8.02182333209448;340.000000;ANA;Santiago De Chuco;Cuenca Santa;1376;Quebrada;Alto La Flor;QAflo1;;LA LIBERTAD;SANTIAGO DE CHUCO;QUIRUVILCA;17.000000;808283.000000;9112239.000000;3485.000000;Categoría 1 A2;0.00014000000;0.00001000000;0.00020000000;0.00003000000
33707;-78.1486035634855;-8.02753661759473;341.000000;ANA;Santiago De Chuco;Cuenca Santa;1376;Río;Miraflores;RMira1;;LA LIBERTAD;SANTIAGO DE CHUCO;QUIRUVILCA;17.000000;814326.000000;9111565.000000;3034.000000;Categoría 1 A2;0.00109000000;0.00001000000;0.00020000000;0.00003000000
33708;-78.2385098993467;-8.13354761423724;342.000000;ANA;Santiago De Chuco;Cuenca Santa;1376;Quebrada;Lamballe;QLamb1;;LA LIBERTAD;SANTIAGO DE CHUCO;SANTIAGO DE CHUCO;17.000000;804328.000000;9099900.000000;3937.000000;Categoría 1 A2;0.00016000000;0.00005000000;0.00020000000;0.00003000000
33709;-78.2792503513741;-8.10114972216176;343.000000;ANA;Santiago De Chuco;Cuenca Santa;1376;Quebrada;Huacamarcanga;QHuac1;;LA LIBERTAD;SANTIAGO DE CHUCO;QUIRUVILCA;17.000000;799859.000000;9103516.000000;3779.000000;Categoría 1 A2;0.00154000000;0.00001000000;0.00043000000;0.00003000000
33710;-78.2418109613178;-8.09626298804249;344.000000;ANA;Santiago De Chuco;Cuenca Santa;1376;Quebrada;Huacamarcanga;QHuac2;;LA LIBERTAD;SANTIAGO DE CHUCO;QUIRUVILCA;17.000000;803992.000000;9104029.000000;3536.000000;Categoría 1 A2;0.00156000000;0.00026000000;0.00057000000;0.00003000000
33711;-78.0366606598255;-8.10039809659392;345.000000;ANA;Santiago De Chuco;Cuenca Santa;1376;Otros;Quebrada Bellota;QBell1;;LA LIBERTAD;SANTIAGO DE CHUCO;ANGASMARCA;17.000000;826618.000000;9103412.000000;3329.000000;Categoría 1 A2;0.00146000000;0.00556000000;0.00510000000;0.00003000000
33712;-78.0138244606347;-8.03895623464685;346.000000;ANA;Santiago De Chuco;Cuenca Santa;1376;Quebrada;Monterón;QMont1;;LA LIBERTAD;SANTIAGO DE CHUCO;CACHICADAN;17.000000;829187.000000;9110195.000000;3540.000000;Categoría 1 A2;0.00065000000;0.00001000000;0.00090000000;0.00003000000
33713;-78.1576389707374;-7.99120705966266;347.000000;ANA;Santiago De Chuco;Cuenca Santa;1376;Quebrada;Inchaca;QInch1;;LA LIBERTAD;SANTIAGO DE CHUCO;QUIRUVILCA;17.000000;813357.000000;9115593.000000;3565.000000;Categoría 1 A2;0.00064000000;0.00001000000;0.00020000000;0.00003000000
33714;-78.1658531791225;-7.99607003619497;348.000000;ANA;Santiago De Chuco;Cuenca Santa;1376;Quebrada;Huanca Pamba;QHpam1;;LA LIBERTAD;SANTIAGO DE CHUCO;QUIRUVILCA;17.000000;812447.000000;9115061.000000;3588.000000;Categoría 1 A2;0.00033000000;0.00001000000;0.00020000000;0.00003000000
