ID_registro,Código ANA,Año de identificación,Intervención propuesta,Sector,Río o quebrada,Cuerpo de agua,Unidad hidrográfica declarada,Provincia,Distrito,Familias declaradas,Viviendas declaradas,Longitud de intervención,Presupuesto estimado (S/),Observación,Infraestructura afectada,Autoridad Administrativa del Agua,Administración Local de Agua
40994,2016-633,2016,"DESCOLMATACION Y PROTECCION DE LA MARGEN IZQUIERDA DEL CAUCE DEL RIO LOCO, SECTOR HUARCOS-VINCHAMARCA-VIRAHUANCA-TOMEQUE",MACASH-PAREDONES,,,,Santa,Moro,50,10,,,"VIVIENDAS DE MATERIAL NOBLE Y RUSTICO, CENTRO EDUCATIVO  DE ADOBE, CANAL RUSTICO Y TROCHA DE AFIRMADO",CANAL RUSTICO VINCHAMARCA,04,0403
40995,2016-634,2016,DESCOLMATACION Y ENCAUZAMIENTO RIO NEPEÑA SECTOR SAN JACINTO,SAN JACINTO,,,,Santa,Nepeña,100,10,,,"VIVIENDAS DE MATERIAL NOBLE Y RUSTICO, CENTRO EDUCATIVO  DE ADOBE, NOBLE, CANAL RUSTICO Y CARRETERA DE AFIRMADO",CANAL CERRO BLANCO,04,0403
40996,2016-635,2016,"DESCOLMATACION Y PROTECCION DE LA MARGEN IZQUIERDA DEL CAUCE DEL RIO GRANDE, SECTOR MACRACANCHA-CAPTUY BAJO",MACRACANCHA-CAPTUY BAJO,,,,Santa,Moro,200,20,,,"VIVIENDAS DE ABODE Y LADRILLO, CENTRO EDUCATIVO DE ADOBE Y LADRILLO, INFRAESTRUCTURA ES RUSTICA Y VIA DE INGRESO ES ASFALTADA",TOMA RUSTICA,04,0403
40997,2016-636,2016,DESCOLMATACION Y ENCAUZAMIENTO RIO NEPEÑA SECTOR CERRO BLANCO,CERRO BLANCO,,,,Santa,Nepeña,100,20,,,"VIVIENDAS DE ABODE Y RUSTICO, CENTRO EDUCATIVO DE ADOBE Y NOBLE, INFRAESTRUCTURA NOBLE Y CARRETERA RUSTICO",CANAL PAÑAMARCA DE 1 KM,04,0403
40998,2016-637,2016,PROTECCIÓN AMBAS MARGENES DEL CAUCE DEL RÍO SECHIN - SECTOR BELEN,BELEN,,,,Casma,Buena Vista Alta,70,5,,,7 KM DE CANAL,POZOS,04,0401
40999,2016-638,2016,PROTECCIÓN DE AMBAS MARGENES RÍO SECHIN - SECTOR LA HOYADA,LA HOYADA,,,,Casma,Buena Vista Alta,40,10,,,3 KILOMETROS DE CANAL,POZOS,04,0401
41000,2016-639,2016,PROTECCIÓN AMBAS MARGENES CAUCE DEL RÍO SECHIN - SECTOR PUENTE HUANCHUY - POYOR - OLIVAR,PUENTE HUANCHUY - POYOR - OLIVAR,,,,Casma,Buena Vista Alta,40,10,,,6 KM DE CANAL,POZOS,04,0401
41001,2016-640,2016,PROTECCIÓN MARGEN DERECHA DEL RÍO SECHIN - SECTOR SAN ISAIAS - CUNCAN,SAN ISAIAS - CUNCAN,,,,Casma,Casma,120,15,,,9 KM DE CANAL,POZOS,04,0401
41002,2016-641,2016,ENCAUZAMIENTO DEL RÍO SECHIN - SECTOR TUCUSHUANCA - LA CAPELLANIA,TUCUSHUANCA LA CAPELLANIA,,,,Casma,Buena Vista Alta,20,5,,,2 KM DE CANAL,CANAL DE RIEGO,04,0401
41003,2016-642,2016,PROTECCIÓN DE LA MARGEN IZQUIERDA CAUCE DEL RÍO SECHIN - SECTOR VIÑA - HUANCHUY,VIÑA - HUANCHUY,,,,Casma,Buena Vista Alta,40,5,,,6 KM DE CANAL,POZOS,04,0401
41004,2016-643,2016,PROTECCIÓN AMBAS MARGENES DEL RÍO SECHIN - SECTOR YANACACA CHICA,YANACACA CHICA,,,,Casma,Buena Vista Alta,15,5,,,3 KM DE CANAL,POZOS,04,0401
41005,2016-644,2016,PROTECCIÓN DE AMBAS MARGENES DEL RÍO CASMA - SECTOR CIRHUELAR,CIRHUELAR,,,,Casma,Casma,20,5,,,6 KM DE CANAL,POZOS,04,0401
41006,2016-645,2016,PROTECCIÓN AMBAS MARGENES DEL RÍO CASMA - SECTOR LA BOCANA,LA BOCANA,,,,Casma,Comandante Noel,60,5,,,3 KM DE CANAL,POZOS,04,0401
41007,2016-646,2016,PROTECCIÓN MARGEN DERECHA DEL RÍO CASMA - SECTOR SAN MIGUEL,SAN MIGUEL,,,,Casma,Comandante Noel,200,10,,,,POZOS,04,0401
41008,2016-647,2016,PROTECCIÓN MARGEN DERECHA DEL RÍO CASMA - SECTOR TABON ALTO,TABON ALTO,,,,Casma,Casma,30,5,,,,POZOS,04,0401
41009,2016-648,2016,PROTECCIÓN MARGEN DERECHA DEL RÍO CASMA - SECTOR TABON BAJO,TABON BAJO,,,,Casma,Casma,200,10,,,12 KM DE CANAL,POZOS,04,0401
41010,2016-649,2016,PROTECCIÓN AMBAS MARGENES CUCHIPURO RÍO YAUTAN - SECTOR CUCHIPURO,CUCHIPURO,,,,Casma,Yautan,20,5,,,03 KM DE CANAL,PUENTE,04,0401
41011,2016-650,2016,PROTECCIÓN MARGEN DERECHA DEL RÍO GRANDE - SECTOR CALAVERA GRANDE,CALAVERA GRANDE,,,,Casma,Casma,90,10,,,8 KM  DE CANAL,POZOS,04,0401
41012,2016-651,2016,PROTECCIÓN DEL RÍO GRANDE - SECTOR CARRIZAL,CARRIZAL,,,,Casma,Casma,20,5,,,3 KM DE CANAL,POZOS,04,0401
41013,2016-652,2016,PROTECCIÓN MARGEN DERECHA DEL RÍO GRANDE - SECTOR PUQUIO GRANDE,PUQUIO GRANDE,,,,Casma,Casma,60,10,,,8 KM DE CANAL,POZOS,04,0401
41014,2016-653,2016,PROTECCIÓN AMBAS MARGENES DEL RÍO GRANDE - SECTOR SAN PEDRO ALTO,SAN PEDRO ALTO,,,,Casma,Casma,50,5,,,6 KM DE CANAL,POZOS,04,0401
41015,2016-739,2016,"DESCOLMATACION Y REHABILITACION DE LA DEFENSA RIBEREÑA CON GAVIONES Y ENROCADO DEL RÍO SANTA, ENTRE EL PUENTE SHUPLUY Y EL SECTOR PALLSHA",SHUPLUY,,,,Yungay,Shupluy,100,10,,,"VIVIENDAS: 90% ADOBE Y 10% MATERIUAL NOBLE, PUESTOS DE SALUD Y CE MATERIAL NOBLE, CALLE DE CONCRETO Y 2 PUENTES DE CONCRETO",CANALES CHIRIMOYA Y PURUSH TOMA,04,0402
41016,2016-740,2016,PROTECCIÓN DE LA MARGEN DERECHA DEL RÍO GRANDE - SECTOR MATUA,MATUA,,,,Casma,Yautan,,,,,3 KM DE CANAL,,04,0401
41017,2016-741,2016,PROTECCIÓN DE LA MARGEN DERECHA DEL RÍO GRANDE - PALCA,PALCA,,,,Casma,Yautan,25,5,,,1 KM DE CANAL,,04,0401
41018,2016-742,2016,PROTECCIÓN DE LA MARGEN DERECHA DEL RÍO GRANDE - SECTOR SANTA ISABEL,SANTA ISABEL,,,,Casma,Yautan,50,5,,,,,04,0401
41019,2016-749,2016,"DESCOLMATACION Y ENROCADO DEL MARGEN IZQUIERDO DEL RIO SANTA SECTOR PUNAPAMPA, DISTRITO DE ANTA, CARHUAZ, ANCASH",CHUMPAC,,,,Carhuaz,Marcara,45,10,,,"VIVIENDAS 90]% ADOBE Y EL 10% MATERIAL NOBLE, 1 AEROPUERTO, LA CARRETERA ES DE ASFALTO",CANAL CHANCAMAYO,04,0402
41020,2016-750,2016,"DESCOLMATACION Y ENCAUZAMIENTO DEL RIO SANTA MARGEN DERECHO RUMICHUCO-TACLLAN, DISTRITO Y PROVINCIA DE HUARAZ-ANCASH",RUMICHUCO-TACLLAN,,,,Huaraz,Huaraz,300,30,,,"30% VIVIENDAS DE ADOBE Y 70% MATERIAL NOBLE, CARRETERA ASFALTADA",CANAL QECHCAP,04,0402
41021,2016-751,2016,"MANTENIMIENTO Y AMPLIACION DE LA DESCOLMATACION Y PROTECCION DE LA MARGEN DERECHO DEL CAUCE DEL RIO SANTA, SECTOR DE SANTA ROSA, DISTRITO DE CATAC, PROVINCIA DE RECUAY-ANCASH",SANTA ROSA,,,,Recuay,Catac,10,5,,,"VIVIENDAS 100% ADOBE, VIA DE ACCESO DE TIERRA Y 1 PLANTA DE TRATAMIENTO DE CEMENTO",PLANTA DE TRATAMIENTO DE AGUAS RESIDUALES,04,0402
41022,2016-752,2016,"DESCOLMATACION DE AMBAS MARGENES DEL RIO LLOCLLA, EN LA QUEBRADA LLOCLLA",LLOCLLA,,,,Huaraz,Jangas,30,10,,,"30% VIVIENDAS SON ADOBE Y EL 70% SON DE MATERIAL NOBLE, CE MATERIAL NOBLE ,2 PUENTES DE CONCRETO",CANAL LUCMA-TARICA PARTE BAJA,04,0402
41023,2016-753,2016,"CONSTRUCCIÓN DE LA DEFENSA RIBEREÑA DE LA MARGEN IZQUIERDA DE UN TRAMO DEL RÍO SHASHAL, SECTOR ACOPALCA",SHASHAL,,,,Huari,San Marcos,40,3,,,01 puente vehicular,PUENTE CONCRETO,06,0610
41024,2016-754,2016,"CONSTRUCCION DE LA DEFENSA RIBEREÑA DE LA MARGEN IZQUIERDA DE UN TRAMO DEL RÍO MOSNA, SECTOR CONIN",CONIN,,,,Huari,San Marcos,12,4,,,,CANAL RÚSTICO,06,0610
41025,2016-755,2016,"CONSTRUCCION DE LA DEFENSA RIBEREÑA DE LA MARGEN IZQUIERDA DE UN TRAMO DEL RÍO PUJUN, SECTOR PUJUN",PUJUN,,,,Huari,San Marcos,12,5,,,,CANAL RÚSTICO,06,0610
41026,2016-756,2016,"CONTRUCCION DE LA DEFENSA RIBEREÑA DE LA MARGEN IZQUIERDA DE UN TRAMO DEL RÍO CARASH, SECTOR HUALLANCA",CARASH,,,,Huari,San Marcos,15,2,,,,CANAL CONCRETO,06,0610
41027,2016-757,2016,"ENCAUZAMIENTO, DESCOLMATACIÓN Y PROTECCIÓN DE RIBERAS EN UN TRAMO DEL RIO HUAYRONGA, SECTOR CHULLUSH, DISTRITO DE CHAVIN DE HUANTAR - HUARI- ANCASH",HUAYRONGA,,,,Huari,San Marcos,32,5,,,,CANAL RÚSTICO,06,0610
41028,2016-758,2016,"ENROCADO DE LA MARGEN IZQUIERDA DE UN TRAMO DEL RIO HUAYRONGA, SECTOR COILLAR, CENTRO POBLADO DE CHALLHUAYACO, DISTRITO DE SAN MARCOS- HUARI - ANCASH",COILLAR,,,,Bolognesi,Huallanca,100,10,,,,CANALES DE CONCRETO,06,0611
41029,2016-759,2016,"CONSTRUCCIÓN DE DEFENSA RIBEREÑA EN AMBAS MÁRGENES DE UN TRAMO DE LA QUEBRADA CALLAC, CENTRO POBLADO DE HUARIMAYO, DISTRITO DE CHAVIN DE HUANTAR  - HUARI - ANCASH",HUARIMAYO,,,,Huari,Chavin De Huantar,8,2,,,,CANAL RÚSTICO,06,0610
41030,2016-760,2016,"DESCOLMATACIÓN  Y DIQUE ENROCADO MARGEN DERECHA DEL RÍO PATIVILCA - AGUAS ARRIBA DEL PUENTE DE ENTRADA AL C.P YANAPAMPA, DISTRITO DE ACAS, PROVINCIA DE OCROS",YANAPAMPA,,,,Ocros,Acas,100,10,,,,,03,0305
41031,2016-761,2016,"DESCOLMATACIÓN  Y  CONFORMACION DE DIQUE ENROCADO MARGEN DERECHA DEL RÍO PATIVILCA - SECTOR YANAPAMPA, DISTRITO DE ACAS, PROVINCIA DE OCROS",YANAPAMPA,,,,Ocros,Acas,100,10,,,,,03,0305
41032,2016-993,2016,"LIMPIEZA Y CONFORMACION DE DIQUE EN LA MARGEN IZQUIERDA DEL RÍO PATIVILCA, SECTOR ENTRADA DEL C.P CAHUA, DISTRITO DE MANAS, PROVINCIA DE CAJATAMBO",CARHUAN BAJO,,,,Ocros,Acas,100,20,,,,,03,0305
41033,2017-60,2017,CONSTRUCCION DE MURO DE GAVION EN LA MARGEN IZQUIERDA RIO MOSNA,CONIN,,,,Huari,Chavin De Huantar,12,12,,,,,06,0610
41034,2017-61,2017,CONSTRUCCION DE MURO DE  MARGEN GAVION EN LA MARGEN IZQUIERDA Y DERECHA DEL RIO RURI CHINCHAY,SAN BERNARDO DE COLPA,,,,Huari,Huari,24,24,,,,,06,0610
41035,2017-62,2017,CONSTRUCCION DE MURO DE GAVION EN LA MARGEN IZQUIERDA RIO SHASHAL,SHASHAL,,,,Huari,Huari,40,40,,,,,06,0610
41036,2017-63,2017,"LIMPIEZA, DESCOLMATACION Y ENCAUZAMIENTO DE LA QUEBRADA PACHACUTEC",PACHACUTEC,,,,Sihuas,Cashapampa,60,60,,,,,06,0609
41037,2017-64,2017,"LIMPIEZA, DESCOLMATACION Y ENCAUZAMIENTO DE LA QUEBRADA HUANCHAJ (CHUNA)",HUASCAR,,,,Sihuas,Cashapampa,40,40,,,,,06,0609
41038,2018-115,2018,"Se propone la descolmación, conformación de dique, protección con enrocado y construcción de espigones en la márgen Izquierda del río Santa, en un tramo de 2528.76 m de longitud, cual estará sujeta a verificación en la fase de pre inversión.",Cerro Blanco,Río Santa,Santa,Cuenca Santa,Santa,Chimbote,400,400,2.528 km,4 621 436.52,,,04,0403
41039,2018-116,2018,"Se propone la descolmación, conformación de dique, protección con enrocado y construcción de espigones en la márgen Izquierda del río Santa, en un tramo de 1398.72 m de longitud, cual estará sujeta a verificación en la fase de pre inversión.",San Gabriel,Río Santa,Santa,Cuenca Santa,Santa,Chimbote,400,400,1.398 km,2 556 167.72,,,04,0403
41040,2018-117,2018,"Se propone la descolmación, conformación de dique y protección con enrocado en la márgen Izquierda del río Lacramarca, en un tramo de 3497.03 m de longitud, cual estará sujeta a verificación en la fase de pre inversión.",La Cruz,Río Lacramarca,Lacramarca,Cuenca Santa,Santa,Chimbote,1000,700,3.497 km,5 881 603.22,,,04,0403
41041,2018-118,2018,"Se propone la descolmación, conformación de dique y protección con enrocado en la márgen Izquierda del río Lacramarca, en un tramo de 3045.63 m de longitud, cual estará sujeta a verificación en la fase de pre inversión.",Cascajal - Obra de Arte,Río Lacramarca,Lacramarca,Intercuenca 1375999,Santa,Chimbote,1000,700,3.045 km,5 130 019.60,,,04,0403
41042,2018-119,2018,"Se propone la descolmación, conformación de dique y protección con enrocado en la márgen Izquierda del río Lacramarca, en un tramo de 3985.45 m de longitud, cual estará sujeta a verificación en la fase de pre inversión.",Palamenco,Río Lacramarca,Lacramarca,Cuenca Lacramarca,Santa,Chimbote,1200,800,3.985 km,6 694 833.86,,,04,0403
41043,2018-120,2018,"Se propone la descolmación, conformación de dique y protección con enrocado en la márgen Izquierda del río Lacramarca, en un tramo de 1146.89 m de longitud, cual estará sujeta a verificación en la fase de pre inversión.",Chachapoyas,Río Lacramarca,Lacramarca,Cuenca Lacramarca,Santa,Chimbote,900,500,1.146 km,1 968 566.62,,,04,0403
41044,2018-121,2018,"Se propone la descolmación, conformación de dique y camino de servicio de 4.5 m de altura, ademas de la protección con enrocado del río Santa en la márgen Izquierda, en un tramo de 1400 m de longitud, ancho de 200 m y profundidad de 1.50 m, la  cual",Pueblo Viejo 1 y 2,Río Santa,Santa,Cuenca Santa,Santa,Santa,150,50,1.4 km,3 026 970.84,,,04,0403
41045,2018-123,2018,"Se propone la descolmación, conformación de dique y camino de servicio de 4.5 m de altura, además de la protección con enrocado del río Santa en la márgen Izquierda, en un tramo de 2100 m de longitud, ancho de 200 m y profundidad de 1.50 m, la  cua",Bocatoma San Bartolo,Río Santa,Santa,Cuenca Santa,Santa,Chimbote,350,300,2.1 km,4 511 897.48,,,04,0403
41046,2018-124,2018,"Se propone la descolmación, conformación de dique y camino de servicio de 4.5 m de altura, además de la protección con enrocado del río Santa en la márgen Izquierda, en un tramo de 500 m de longitud, ancho de 200 m y profundidad de 1.50 m, la  cual",Tablones,Río Santa,Santa,Cuenca Santa,Santa,Chimbote,100,50,0.5 km,1 117 779.45,,,04,0403
41047,2018-125,2018,"Se propone la descolmación, conformación de dique y camino de servicio de 4.5 m de altura, además de la protección con enrocado del río Santa en la márgen Izquierda, en un tramo de 800 m de longitud, ancho de 200 m y profundidad de 1.50 m, la  cual",Suchiman La Huaca,Río Santa,Santa,Cuenca Santa,Santa,Chimbote,100,50,0.8 km,1 754 176.58,,,04,0403
41048,2018-126,2018,"Se propone la descolmación, conformación de dique y camino de servicio de 4.5 m de altura, además de la protección con enrocado del río Santa en la márgen Izquierda, en un tramo de 1600 m de longitud, ancho de 200 m y profundidad de 1.50 m, la  cua",Ex Bocatoma Santa - La Vñibora,Río Santa,Santa,Cuenca Santa,Santa,Chimbote,350,300,1.6 km,3 451 235.60,,,04,0403
41049,2018-128,2018,"Se propone la descolmación, conformación de dique y  protección con enrocado del río Jimbe en la márgen Izquierda, en un tramo de 200 m de longitud, la  cual estará sujeta a verificación en la fase de pre inversión. Realización de talleres de se",Llicllao,Río Jimbe,Jimbe,Cuenca Nepeña,Santa,Caceres Del Peru,50,40,0.2 km,291 379.24,,,04,0403
41050,2018-129,2018,"Se propone la descolmación y conformación de dique en ambas márgenes del río Loco en un tramo de 2800 m, además la protección con enrocado en la márgen derecha, en un tramo de 1440 m, la  cual estará sujeta a verificación en la fase de pre inver","Tambar, Pocos, Caura Alta, Caura Baja y Shocospuquio",Río Loco,Loco,Cuenca Nepeña,Santa,Moro,150,50,2.8 km,4 538 655.28,,,04,0403
41051,2018-130,2018,"Se propone la descolmación, conformación de dique y la protección con enrocado en márgen izquierda del río Nepeña en un tramo de 726 m, la  cual estará sujeta a verificación en la fase de pre inversión. Reforestación y realización de talleres",Macracancha,Río Nepeña,Nepeña,Cuenca Nepeña,Santa,Caceres Del Peru,30,20,0.726 km,740 697.45,,,04,0403
41052,2018-131,2018,"Se propone la descolmación y conformación de dique en ambas márgenes del río Solivin en un tramo de 4550 m, además la protección con enrocado en la márgen derecha de 2400 m de longitud, la  cual estará sujeta a verificación en la fase de pre inv",San Jacinto,Qda Solivin,Solivin,Cuenca Nepeña,Santa,Nepeña,1200,1000,4.55 km,6 818 444.38,,,04,0403
41053,2018-132,2018,"Se propone la descolmación y conformación de dique en ambas márgenes del río Loco en un tramo de 1294 m, además Reforestación y realización de talleres de sensibilización en temas de gestón de desastres y delimitación de fajas marginales. Esta",Santa Rosa - Tambar,Río Loco,Loco,Cuenca Nepeña,Santa,Moro,50,50,1.294 km,1 495 016.08,,,04,0403
41054,2018-133,2018,"Se propone la descolmación y conformación de dique en ambas márgenes del río Nepeña en un tramo de 1000 m, además Reforestación y realización de talleres de sensibilización en temas de gestón de desastres y delimitación de fajas marginales. Es",Quillhuay - Captuy,Nepeña,Nepeña,Cuenca Nepeña,Santa,Moro,100,80,1 km,1 599 440.52,,,04,0403
41055,2018-134,2018,"Se propone la descolmación, conformación de dique y protección con enrocado en la márgen izquierda del río Santa en un tramo de 1000 m, con un ancho cauce de 200 m, una profundidad de 1.50 m. y camino de servicio de 4.5 m. Esta información estará",Mantas,Río Santa,Santa,Cuenca Nepeña,Santa,Chimbote,350,300,1 km,2 178 441.34,,,04,0403
41056,2018-135,2018,Se propone la limpieza y descolmatación y conformación de dique con material propio,"Caña Castilla, Pañamarca y Huacatambo",Río Santa,Santa,Cuenca Nepeña,Santa,Nepeña,600,850,7 km,5 254 178.65,,,04,0403
41057,2018-136,2018,Se propone la limpieza y descolmatación y conformación de dique con material propio,"Cocharcas, San José y Cerro Blanco",Río Santa,Santa,Cuenca Nepeña,Santa,Nepeña,500,1500,5.5 km,4 131 557.41,,,04,0403
41058,2018-137,2018,"Se propone la limpieza y descolmatación, conformación de dique con material propio y protecciónde talud con roca al volteo","Cushipampa, Puente Moro y Pasamayito",Río Santa,Santa,Cuenca Nepeña,Santa,Moro,500,1500,2 km,4 760 608.65,,,04,0403
41059,2018-138,2018,"Se propone la limpieza y descolmatación, conformación de dique con material propio y protecciónde talud con roca al volteo","Huambacho, Patillos, La Capilla y la ciudad capital de Samanco",Río Santa,Santa,Cuenca Nepeña,Santa,Samanco,5000,1000,2 km,5 508 433.65,,,04,0403
41060,2018-139,2018,"Se propone la limpieza y descolmatación, conformación de dique con material propio y protecciónde talud con roca al volteo","Huarcos-Limonhirca, Vinchamarca Chica - Paredones, Virahuanca-Quisque",Río Santa,Santa,Cuenca Nepeña,Santa,Moro,250,850,2.4 km,5 334 672.02,,,04,0403
41061,2018-140,2018,"Se propone la descolmación, conformación de dique y protección con enrocado del río Culebras en un tramo total de 5630 m, con un ancho cauce de 20 m, una profundidad de 1.50 m. Conjuntamente se desarrollará actividades de reforestación. Esta inform",Janca,Río Culebras,Culebras,Cuenca Culebras,Huaraz,Huanchay,15000,15000,5.63 km,20 890 578.45,,,04,0401
41062,2018-141,2018,"Se propone la descolmación, conformación de dique y protección con enrocado del río Huarmey en un tramo total de 17304 m, con un ancho cauce de 30 - 40 m, una altura de dique  de 3.0 m. Conjuntamente se desarrollará actividades de reforestación. Es",Tres Cruces,Río Huarmey,Huarmey,Cuenca Huarmey,Huarmey,Huarmey,450,300,17.304 km,60 289 586.17,,,04,0401
41063,2018-142,2018,"Se propone la descolmación, conformación de dique y protección con enrocado del río Huarmey en un tramo total de 6670 m, con un ancho cauce de 32  m, una altura de dique de 3.0 m. Conjuntamente se desarrollará actividades de reforestación. Esta inf",Mandinga - Puente Cus Cus,Río Huarmey,Huarmey,Cuenca Huarmey,Huarmey,Huarmey,8250,917,6.67 km,37 356 598.76,,,04,0401
41064,2018-143,2018,"Se propone la descolmación, conformación de dique y protección con enrocado del río Huarmey en un tramo total de 11150 m, con un ancho cauce de 30 - 40  m, una altura de dique de 3.0 m. Conjuntamente se desarrollará actividades de reforestación. Es",Huamba Alta,Río Huarmey,Huarmey,Cuenca Huarmey,Huarmey,Huarmey,4500,3000,11.15 km,29 684 628.27,,,04,0401
41065,2018-144,2018,"Se propone la descolmación y conformación de dique con material propio, en ambas márgenes del cauce del río Casma, en un tramo de 5000 m. Esta información estará sujeta a verificación en la fase de pre inversión.",Casablanca- Hualgayoc,Río Casma,Casma,Cuenca Casma,Casma,Yautan,120,120,5 km,28 757 068.75,,,04,0401
41066,2018-145,2018,"Se propone la descolmación y conformación de dique con material propio, en ambas márgenes del cauce del río Casma, en un tramo de 5500 m. Esta información estará sujeta a verificación en la fase de pre inversión.",Calavera Grande - Chica- Choloque,Río Casma,Casma,Cuenca Casma,Casma,Casma,100,100,5.5 km,31 629 448.17,,,04,0401
41067,2018-146,2018,"Se propone la descolmación y conformación de dique con material propio, en ambas márgenes del cauce del río Casma, en un tramo de 7300 m. Esta información estará sujeta a verificación en la fase de pre inversión.",Puquio Grande - Mojeque- San Francisco,Río Casma,Casma,Cuenca Casma,Casma,Casma,100,100,7.3 km,30 516 915.44,,,04,0401
41068,2018-147,2018,"Se propone la descolmación y conformación de dique con material propio, en ambas márgenes del cauce del río Casma, en un tramo de 5000 m. Esta información estará sujeta a verificación en la fase de pre inversión.",Santa Ana - Antival - Manchan,Río Casma,Casma,Cuenca Casma,Casma,Casma,120,120,5 km,28 758 830.07,,,04,0401
41069,2018-148,2018,"Se propone la descolmación y conformación de dique con material propio, en ambas márgenes del cauce del río Casma, en un tramo de 5200 m. Esta información estará sujeta a verificación en la fase de pre inversión.",Carrizal - Sampeche - El Carmen,Río Casma,Casma,Cuenca Casma,Casma,Casma,150,150,5.2 km,29 907 852.28,,,04,0401
41070,2018-149,2018,"Se propone la descolmación y conformación de dique con material propio, en ambas márgenes del cauce del río Grande, en un tramo de 10000 m. Esta información estará sujeta a verificación en la fase de pre inversión.",Pte Poctao,Río Casma,Casma,Cuenca Casma,Huaraz,Pampas Grande,100,100,10 km,57 484 385.55,,,04,0401
41071,2018-150,2018,"Se propone la descolmación y conformación de dique con material propio, en ambas márgenes del cauce del río Grande, en un tramo de 8700 m. Esta información estará sujeta a verificación en la fase de pre inversión.",Jayhua- Hoyada,Río Casma,Casma,Cuenca Casma,Casma,Yautan,200,200,8.7 km,50 015 741.13,,,04,0401
41072,2018-151,2018,"Se propone la descolmación y conformación de dique con material propio, en ambas márgenes del cauce del río Tomeque, en un tramo de 4000 m. Esta información estará sujeta a verificación en la fase de pre inversión.",Muña,Río Tomeque,Tomeque,Cuenca Casma,Casma,Yautan,150,150,4 km,23 013 718.97,,,04,0401
41073,2018-152,2018,"Se propone la descolmación y conformación de dique con material propio, en ambas márgenes del cauce del río Sechín, en un tramo de 5000 m. Esta información estará sujeta a verificación en la fase de pre inversión.",Olivar- Poyor Alto- Huanchuy- la Viña,Río Sechín,Sechín,Cuenca Casma,Casma,Buena Vista Alta,300,300,5 km,28 758 830.07,,,04,0401
41074,2018-153,2018,"Se propone la descolmación y conformación de dique con material propio, en ambas márgenes del cauce del río Sechín, en un tramo de 2000 m. Esta información estará sujeta a verificación en la fase de pre inversión.",Poyor Bajo - Tambillos,Río Sechín,Sechín,Cuenca Casma,Casma,Buena Vista Alta,100,100,2 km,11 523 496.77,,,04,0401
41075,2018-154,2018,"Se propone la descolmación y conformación de dique con material propio, en ambas márgenes del cauce del río Sechín, en un tramo de 3000 m. Esta información estará sujeta a verificación en la fase de pre inversión.",Tucushuanca- El Pueblo-Tomagrande-Rinconada- Huancamuña,Río Sechín,Sechín,Cuenca Casma,Casma,Buena Vista Alta,150,150,3 km,17 268 607.87,,,04,0401
41076,2018-155,2018,"Se propone la descolmación y conformación de dique con material propio, en ambas márgenes del cauce del río Sechín, en un tramo de 7800 m. Esta información estará sujeta a verificación en la fase de pre inversión.",Cuncan- Río Sechin(Desembocadura Río Casma),Río Sechín,Sechín,Cuenca Casma,Casma,Casma,500,500,7.8 km,44 845 141.14,,,04,0401
41077,2018-156,2018,"Se propone la descolmación y conformación de dique con material propio, en ambas márgenes del cauce del río Sechín, en un tramo de 6000 m. Esta información estará sujeta a verificación en la fase de pre inversión.",San Luis - Taucache- Huancamuña,Río Sechín,Sechín,Cuenca Casma,Casma,Buena Vista Alta,200,200,6 km,34 503 941.16,,,04,0401
41078,2018-157,2018,Descolmatacion de la quebrada en una longitud de 0.300 km y conformacion de muros de contencion en ambas margenes del Río en una longitud de 0.500 km,Yanama,Qda. Chichicsa,Chichicsa,Intercuenca Alto Marañón V,Yungay,Yanama,30,30,0.5 km,856 005.96,,,06,0609
41079,2018-158,2018,Descolmatacion de la quebrada en una longitud de 0.300 km y conformacion de muros de contencion en ambas margenes del Río en una longitud de 0.500 km,Parco,Qda. Parco Grande,Parco Grande,Intercuenca Alto Marañón V,Pomabamba,Pomabamba,,,0.202 km,303 285.31,,,06,0609
41080,2018-159,2018,Construccón de una defensa ribereña con   gaviones,Jancapampa,Qda. Jancapampa,Jancapampa,Intercuenca Alto Marañón V,Pomabamba,Pomabamba,16,16,0.145 km,655 422.01,,,06,0609
41081,2018-160,2018,Descolmatacion del cauce del Río . Instalaion de gaviones en la magen izquierda en una longitud de 40 m.,Conin,Río Mosna,Mosna,Intercuenca Alto Marañón V,Huari,Chavin De Huantar,12,12,0.04 km,91 496.65,,,06,0610
41082,2019-376,2019,Descolmatación de cauce de rio Nepeña y protección margen izquierda con enrocado de la Bocatoma Montecomun,Puente Moro-Bocatoma Monte Comun,Nepeña,,Nepeña,Santa,Moro,,,1.5 km,890 442.25,,,04,0403
41083,2019-377,2019,Descolmatación de cauce del rio Nepeña y protección con enrocado,"Huanbacho, Patillos, La Capilla, y la Ciudad Capital del Disrito de Samanco",Nepeña,,Nepeña,Santa,Samanco,,,6 km,4 218 476.63,,,04,0403
41084,2019-378,2019,Descolmatación de cauce del rio Nepeña y conformacion de dique en ambas margenes,"Caña Castilla, Pañamarca y Huacatambo",Nepeña,,Nepeña,Santa,Nepeña,,,7 km,3 392 720.33,,,04,0403
41085,2019-379,2019,Descolmatación de cauce del rio Santa y protección con enrocado en la margen izquierda,Pueblo Viejo 1 y 2,Santa,,Santa,Santa,Santa,,,1 km,6 033 223.77,,,04,0403
41086,2019-380,2019,Descolmatación de cauce del rio Santa y protección con enrocado en la margen izquierda,La Vibora-El Cerro,Santa,,Santa,Santa,Santa,,,1 km,6 033 223.77,,,04,0403
41087,2019-381,2019,Descolmatación de cauce del rio Lacramarca y protección con enrocado en la margen derecha,KM 9-La Campiña,Lacramarca,,Lacramarca,Santa,Chimbote,,,1 km,1 038 801.39,,,04,0403
41088,2019-382,2019,Descolmatación de cauce del rio Loco y protección con enrocado ambas margenes,"Virahuanca, Paredones. Vinchamarca Chica-Huarcos-Limonhirca",Loco,,Nepeña,Santa,Moro,,,5.5 km,5 843 853.59,,,04,0403
41089,2019-383,2019,Descolmatación de cauce del rio Nepeña,Quilluay-Captuy,Nepeña,,Nepeña,Santa,Moro,,,1 km,1 599 440.52,,,04,0403
41090,2019-384,2019,Descolmatación y enrocado de la Qda. Solvin,San Jacinto,Qda. Solivin,,Nepeña,Santa,Nepeña,,,4.55 km,6 818 444.38,,,04,0403
41091,2019-385,2019,Construccion de defensa ribereñas,Llicllao,Jimbe,,Nepeña,Santa,Caceres Del Peru,,,0.2 km,291 379.24,,,04,0403
41092,2019-386,2019,Construccion de defensa ribereñas,Macracancha y El Arenal,Nepeña,,Nepeña,Santa,Caceres Del Peru,,,0.73 km,740 697.45,,,04,0403
41093,2019-387,2019,Descolmatación de cauce del rio Loco,Santa Rosa Tambar,Loco,,Nepeña,Santa,Moro,,,1.2 km,1 495 016.08,,,04,0403
41094,2019-388,2019,"Limpieza, Descolmatacion y construccion de Dique con enrocado",Choquechaca,Santa,,Santa,Huaylas,Caraz,,,0.97 km,116 954.40,,,04,0402
41095,2019-389,2019,"Limpieza, Descolmatacion y construccion de Dique con enrocado",Pariahuanca,Arroyo Grande,,Santa,Carhuaz,Pariahuanca,,,1.71 km,870 094.34,,,04,0402
41096,2019-390,2019,"Limpieza, Descolmatacion y construccion de Dique con enrocado",Tarica,Qda. Lloclla,,Santa,Huaraz,Tarica,,,0.53 km,116 663.66,,,04,0402
41097,2019-391,2019,"Limpieza, Descolmatacion y construccion de Dique con enrocado",Caraz,Qda. Llullan,,Santa,Huaylas,Caraz,,,1.844 km,572 395.48,,,04,0402
41098,2019-392,2019,"Limpieza, Descolmatacion y construccion de Dique con enrocado",Combina Cuchu,Santa,,Santa,Recuay,Ticapampa,,,0.26 km,683 776.73,,,04,0402
41099,2019-393,2019,"Limpieza, Descolmatacion y construccion de Dique con enrocado",Combina,Santa,,Santa,Recuay,Ticapampa,,,0.17 km,322 915.58,,,04,0402
41100,2019-394,2019,"Limpieza, Descolmatacion y construccion de Dique con enrocado",Llullucachi,Santa,,Santa,Recuay,Ticapampa,,,0.34 km,387 387.69,,,04,0402
41101,2019-395,2019,"Limpieza, Descolmatacion y construccion de Dique con enrocado",Mesapampa,Santa,,Santa,Recuay,Catac,,,0.1 km,79 994.45,,,04,0402
41102,2019-396,2019,"Limpieza, Descolmatacion y construccion de Dique con enrocado",Romatambo II,Santa,,Santa,Recuay,Catac,,,0.06 km,55 593.45,,,04,0402
41103,2019-397,2019,"Limpieza, Descolmatacion y construccion de Dique con enrocado",Toma,Santa,,Santa,Carhuaz,Tinco,,,0.26 km,457 285.08,,,04,0402
41104,2019-398,2019,"Limpieza, Descolmatacion y construccion de Dique con enrocado",Tuctu,Santa,,Santa,Recuay,Recuay,,,0.35 km,1 198 325.90,,,04,0402
41105,2019-399,2019,"Limpieza, Descolmatacion y construccion de Dique con enrocado",Wishka,Santa,,Santa,Recuay,Ticapampa,,,0.136 km,81 950.02,,,04,0402
41106,2019-400,2019,"Limpieza, Descolmatacion y construccion de Dique con enrocado",Utcuyacu,Santa,,Santa,Recuay,Catac,,,0.19 km,151 850.54,,,04,0402
41107,2019-401,2019,"Limpieza, Descolmatacion y construccion de Dique con enrocado",Matacoto,Qda. Tarashuran,,Santa,Yungay,Matacoto,,,0.37 km,179 950.95,,,04,0402
41108,2019-402,2019,"Limpieza, Descolmatacion y construccion de Dique con enrocado",Muque,Santa,,Santa,Yungay,Matacoto,,,0.23 km,406 381.83,,,04,0402
41109,2019-403,2019,"Limpieza, Descolmatacion y construccion de Dique con enrocado",Playapampa,Qda. Playapampa,,Santa,Carhuaz,Ataquero,,,0.215 km,103 870.00,,,04,0402
41110,2019-404,2019,"Limpieza, Descolmatacion y construccion de Dique con enrocado",Mandahuas,Mandahuas,,Santa,Huaylas,Huata,,,0.03 km,44 477.68,,,04,0402
41111,2019-405,2019,"Limpieza, Descolmatacion y construccion de Dique con enrocado",Ranca,Auqui,,Santa,Huaylas,Huata,,,0.03 km,39 063.54,,,04,0402
41112,2019-406,2019,"Limpieza, Descolmatacion y construccion de Dique con enrocado",Ancoraca,Grande,,Santa,Huaylas,Mato,,,0.03 km,41 883.84,,,04,0402
41113,2019-407,2019,"Limpieza, Descolmatacion y construccion de Dique con enrocado",,Qda. Acra Rancra,,Santa,Carhuaz,Amashca,,,0.21 km,274 539.33,,,04,0402
41114,2019-408,2019,"Limpieza, Descolmatacion y construccion de Dique con enrocado",,Qda. Weraqtzu Uran,,Santa,Carhuaz,Amashca,,,0.18 km,272 423.88,,,04,0402
41115,2019-409,2019,"Limpieza, Descolmatacion y construccion de Dique con enrocado",,Canal Porozan,,Santa,Carhuaz,Shilla,,,0.17 km,67 204.13,,,04,0402
41116,2019-410,2019,"Limpieza, Descolmatacion y construccion de Dique con enrocado",Mancos,Qda. Mancos,,Santa,Yungay,Mancos,,,0.64 km,127 836.92,,,04,0402
41117,2019-411,2019,"Limpieza, Descolmatacion y construccion de Dique con enrocado",Shupluy,Qda. Santo Toribio,,Santa,Yungay,Shupluy,,,1 km,1 006 641.50,,,04,0402
41118,2019-412,2019,"Limpieza, Descolmatacion y construccion de Dique con enrocado",Huairan,Qda. Canchayoc,,Santa,Huaylas,Santo Toribio,,,0.23 km,59 736.29,,,04,0402
41119,2019-413,2019,"Limpieza, Descolmatacion y construccion de Dique con enrocado",Quecuas,Qda. Puak,,Santa,Huaylas,Santo Toribio,,,0.324 km,52 012.34,,,04,0402
41120,2019-414,2019,"limpieza, Descolmatacion y construccion de dique con enrocado",Calavera Grande,Casma,,Casma,Casma,Casma,,,2 km,7 542 170.24,,,04,0401
41121,2019-415,2019,"limpieza, Descolmatacion y construccion de dique con enrocado",Calavera Chica,Casma,,Casma,Casma,Casma,,,1.3 km,3 350 176.56,,,04,0401
41122,2019-416,2019,"limpieza, Descolmatacion y construccion de dique con enrocado",Chamusco,Casma,,Casma,Casma,Casma,,,1.5 km,5 344 154.20,,,04,0401
41123,2019-417,2019,"limpieza, Descolmatacion y construccion de dique con enrocado",Santa Ana,Casma,,Casma,Casma,Casma,,,2 km,4 774 566.83,,,04,0401
41124,2019-418,2019,"limpieza, Descolmatacion y construccion de dique con enrocado",Carrizal,Casma,,Casma,Casma,Casma,,,1.9 km,3 284 303.46,,,04,0401
41125,2019-419,2019,"limpieza, Descolmatacion y construccion de dique con enrocado",carrizal-Beta Negra,Casma,,Casma,Casma,Casma,,,3 km,3 554 515.47,,,04,0401
41126,2019-420,2019,"limpieza, Descolmatacion y construccion de dique con enrocado",El Carmen,Casma,,Casma,Casma,Casma,,,2 km,6 666 915.56,,,04,0401
41127,2019-421,2019,"limpieza, Descolmatacion y construccion de dique con enrocado",Huanchuy,Sechin,,Casma,Casma,Buena Vista Alta,,,2 km,4 091 207.14,,,04,0401
41128,2019-422,2019,"limpieza, Descolmatacion y construccion de dique con enrocado",Tucushuanca,Sechin,,Casma,Casma,Buena Vista Alta,,,2 km,2 308 764.88,,,04,0401
41129,2019-423,2019,"limpieza, Descolmatacion y construccion de dique con enrocado",Rinconada,Sechin,,Casma,Casma,Buena Vista Alta,,,1.3 km,2 675 364.51,,,04,0401
41130,2019-424,2019,"limpieza, Descolmatacion y construccion de dique con enrocado",Huancamuña,Sechin,,Casma,Casma,Buena Vista Alta,,,2.4 km,3 537 600.13,,,04,0401
41131,2019-425,2019,"limpieza, Descolmatacion y construccion de dique con enrocado",Carboneria,Sechin,,Casma,Casma,Buena Vista Alta,,,1.2 km,2 473 105.52,,,04,0401
41132,2019-426,2019,"limpieza, Descolmatacion y construccion de dique con enrocado",Huayash,Culebras,,Culebras,Huarmey,Culebras,,,2 km,2 292 330.08,,,04,0401
41133,2019-427,2019,"limpieza, Descolmatacion y construccion de dique con enrocado",Quillapampa,Culebras,,Culebras,Huarmey,Culebras,,,2.2 km,2 374 372.50,,,04,0401
41134,2019-428,2019,"limpieza, Descolmatacion y construccion de dique con enrocado",Santa Rosa,Culebras,,Culebras,Huarmey,Culebras,,,2.5 km,2 853 930.52,,,04,0401
41135,2019-429,2019,"limpieza, Descolmatacion y construccion de dique con enrocado",Ten Ten,Culebras,,Culebras,Huarmey,Culebras,,,2.2 km,3 766 066.08,,,04,0401
41136,2019-430,2019,"limpieza, Descolmatacion y construccion de dique con enrocado",Molino-Oyos,Culebras,,Culebras,Huarmey,Culebras,,,4.4 km,7 486 184.03,,,04,0401
41137,2019-431,2019,"limpieza, Descolmatacion y construccion de dique con enrocado",Quitasombrero,Culebras,,Culebras,Huarmey,Culebras,,,1.1 km,1 812 983.02,,,04,0401
41138,2019-432,2019,"limpieza, Descolmatacion y construccion de dique con enrocado",Puente Culebras,Culebras,,Culebras,Huarmey,Culebras,,,0.3 km,377 914.34,,,04,0401
41139,2019-433,2019,"limpieza, Descolmatacion y construccion de dique con enrocado",Lacrao-Tres Cruces,Huarmey,,Huarmey,Huarmey,Huarmey,,,3 km,3 747 184.25,,,04,0401
41140,2019-434,2019,"limpieza, Descolmatacion y construccion de dique con enrocado",Mancayoc,Huarmey,,Huarmey,Huarmey,Huarmey,,,1.1 km,1 403 071.02,,,04,0401
41141,2019-435,2019,"limpieza, Descolmatacion y construccion de dique con enrocado",Cañapampa,Huarmey,,Huarmey,Huarmey,Huarmey,,,1 km,1 279 703.41,,,04,0401
41142,2019-436,2019,"limpieza, Descolmatacion y construccion de dique con enrocado",Garlero,Huarmey,,Huarmey,Huarmey,Huarmey,,,1.5 km,1 896 571.15,,,04,0401
41143,2019-437,2019,"limpieza, Descolmatacion y construccion de dique con enrocado",Cerro Blanco,Huarmey,,Huarmey,Huarmey,Huarmey,,,4 km,4 980 929.63,,,04,0401
41144,2019-438,2019,"limpieza, Descolmatacion y construccion de dique con enrocado",Son Son,Huarmey,,Huarmey,Huarmey,Huarmey,,,1.8 km,2 266 693.77,,,04,0401
41145,2019-439,2019,"limpieza, Descolmatacion y construccion de dique con enrocado",Tayca Congo,Huarmey,,Huarmey,Huarmey,Huarmey,,,1.6 km,2 019 948.65,,,04,0401
41146,2019-440,2019,"limpieza, Descolmatacion y construccion de dique con enrocado",Mandinga,Huarmey,,Huarmey,Huarmey,Huarmey,,,1.6 km,2 928 377.30,,,04,0401
41147,2019-441,2019,"limpieza, Descolmatacion y construccion de dique con enrocado",Ayhuay,Huarmey,,Huarmey,Huarmey,Huarmey,,,2.5 km,459 739.99,,,04,0401
41148,2019-442,2019,"limpieza, Descolmatacion y construccion de dique con enrocado",San Nicolas,Huarmey,,Huarmey,Huarmey,Huarmey,,,1.5 km,2 035 250.31,,,04,0401
41149,2019-443,2019,"limpieza, Descolmatacion y construccion de dique con enrocado",Tabon,Casma,,Casma,Casma,Comandante Noel,,,2.7 km,9 588 377.82,,,04,0401
41150,2019-444,2019,"limpieza, Descolmatacion y construccion de dique con enrocado",Puente Tabon-Puerto casma,Casma,,Casma,Casma,Comandante Noel,,,3.4 km,6 759 545.95,,,04,0401
41151,2019-445,2019,"limpieza, Descolmatacion y construccion de dique con enrocado",Hualgayoc Nivin,Casma,,Casma,Casma,Casma,,,4.2 km,17 005 777.85,,,04,0401
41152,2019-446,2019,"limpieza, Descolmatacion y construccion de dique con enrocado",Nivin,Qda. Nivin,,Casma,Casma,Casma,,,0.6 km,480 280.06,,,04,0401
41153,2019-447,2019,"limpieza, Descolmatacion y construccion de dique con enrocado",Olivar,Qda. El Olivar,,Casma,Casma,Buena Vista Alta,,,1.9 km,1 290 933.50,,,04,0401
41154,2019-448,2019,"limpieza, Descolmatacion y construccion de dique con enrocado",Maria Cristina,Qda. Maria Cristina,,Huarmey,Huarmey,Huarmey,,,2.6 km,1 750 813.11,,,04,0401
41155,2019-449,2019,"limpieza, Descolmatacion y construccion de dique con enrocado",Muña,Qda. Tomoque,,Casma,Casma,Yautan,,,7.2 km,4 772 879.10,,,04,0401
41156,2019-450,2019,Limpieza y descolmatacion y proteccion con enrocado y reforestacion en el rio Pativilca,Alpas,Pativilca,,Pativilca,Ocros,Cochas,,,0.18 km,430 595.97,,,03,0305
41157,2019-451,2019,Limpieza y descolmatacion y proteccion con enrocado y reforestacion en el rio Pativilca,Alpas,Pativilca,,Pativilca,Ocros,Cochas,,,0.3 km,687 005.15,,,03,0305
41158,2019-452,2019,Limpieza y descolmatacion y proteccion con enrocado y reforestacion en el rio Pativilca,Cochas,Pativilca,,Pativilca,Ocros,Cochas,,,0.6 km,1 328 027.81,,,03,0305
41159,2019-453,2019,Limpieza y descolmatacion y proteccion con enrocado y reforestacion en el rio Fortaleza,Aquia,Pativilca,,Pativilca,Bolognesi,Aquia,,,0.17 km,134 141.90,,,03,0305
41160,2019-454,2019,Limpieza y descolmatacion y proteccion con enrocado y reforestacion en el rio Fortaleza,Aquia,Pativilca,,Pativilca,Bolognesi,Aquia,,,0.19 km,148 245.97,,,03,0305
41161,2019-455,2019,Limpieza y descolmatacion y proteccion con enrocado y reforestacion en el rio Fortaleza,Aquia,Pativilca,,Pativilca,Bolognesi,Aquia,,,0.19 km,151 654.87,,,03,0305
41162,2019-456,2019,Limpieza y descolmatacion y proteccion con enrocado y reforestacion en el rio Fortaleza,Aucayco-Pacayal Chico,Julquillas,,Fortaleza,Ocros,San Pedro,,,4.76 km,8 972 751.70,,,03,0305
41163,2019-457,2019,Limpieza y descolmatacion y proteccion con enrocado y reforestacion en el rio Fortaleza,Aquia,Qda.Pomay,,Pativilca,Bolognesi,Aquia,,,0.5 km,98 367.47,,,03,0305
41164,2019-458,2019,Limpieza y descolmatación,Huallanca,Torres,,Intercuenca Alto Marañón V,Bolognesi,Huallanca,,,0.25 km,314 878.52,,,06,0611
41165,2019-459,2019,Construccion de defensa ribereña,Vira Bajo,Qda. Vira,,Intercuenca Alto Marañon V,Huari,Huari,,,0.05 km,378 180.14,,,06,0610
41166,2019-460,2019,Construccion de defensa ribereña,Acopalca,Qda. Sahal,,Intercuenca Alto Marañon V,Huari,Huari,,,0.06 km,253 132.62,,,06,0610
41167,2019-461,2019,Limpieza y descolmatacion y resane de canal,Acopara,Qda. Carhuascancha,,Intercuenca Alto Marañon V,Huari,Huantar,,,0.05 km,48 755.28,,,06,0610
41168,2019-462,2019,Limpieza y descolmatacion y construccion dique enrocado,Huantar,Qda. Carhuascancha,,Intercuenca Alto Marañon V,Huari,Huantar,,,1 km,717 585.33,,,06,0610
41169,2019-463,2019,Defensa ribereña,Parco,Qda.Parco Grande,,Intercuenca Alto Marañón V,Pomabamba,Pomabamba,,,0.285 km,801 375.33,,,06,0609
41170,2019-464,2019,Defensa ribereña,Jancapampa,Qda. Janca Pampa-Ñañayoc,,Intercuenca Alto Marañón V,Pomabamba,Pomabamba,,,0.851 km,2 161 721.97,,,06,0609
41171,2019-465,2019,Defensa ribereña,Parobamba,Qda. Chogo,,Intercuenca Alto Marañón V,Pomabamba,Parobamba,,,0.807 km,1 548 057.83,,,06,0609
41172,2019-466,2019,Defensa ribereña,El Mangle,Qda. Huanchaj,,Intercuenca Alto Marañón V,Sihuas,Sihuas,,,0.16 km,55 059.73,,,06,0609
41173,2019-467,2019,Defensa ribereña,Lucerito-Chirimoyo,Qda. Colpa,,Intercuenca Alto Marañón V,Sihuas,Sihuas,,,0.9 km,2 580 473.77,,,06,0609
41174,2019-468,2019,Defensa ribereña,Pachacutec,Qda. Pachacutec,,Intercuenca Alto Marañón V,Sihuas,Sihuas,,,0.228 km,82 514.31,,,06,0609
41175,2019-469,2019,Defensa ribereña,Huascar,Qda. Huascar,,Intercuenca Alto Marañón V,Sihuas,Sihuas,,,0.315 km,48 723.71,,,06,0609
41176,2019-470,2019,Defensa ribereña,Mitobamba,Shuas,,Intercuenca Alto Marañón V,Sihuas,Sihuas,,,1.693 km,354 745.66,,,06,0609
41177,2019-471,2019,"limpieza,descolmatación y construcción dique con enrocado",Huayaupuquio,Pomabamba,,Intercuenca Alto Marañon V,Mariscal Luzuriaga,Casca,,,2.567 km,5 085 979.20,,,06,0609
41178,2019-478,2019,Limpieza y descolmatacion y proteccion con enrocado y reforestacion en el rio Fortaleza,Malvado Alto,Fortaleza,,Fortaleza,No resuelve contra INEI,Ubigeo declarado 150202,,,0.5 km,1 103 543.78,,,03,0305
41179,2019-484,2019,Limpieza y descolmatacion y proteccion con enrocado y reforestacion en el rio Fortaleza,Tranca-Desembocaudura rio Fortaleza,Julquillas,,Fortaleza,No resuelve contra INEI,Ubigeo declarado 150202,,,3.15 km,6 218 857.04,,,03,0305
41180,2020-413,2020,Limpieza y descolmatacion y proteccion con enrocado y reforestacion en el rio Pativilca,Alpas,Pativilca,Pativilca,Pativilca,Ocros,Cochas,261,,0.18 km,430 595.97,,,03,0305
41181,2020-414,2020,Limpieza y descolmatacion y proteccion con enrocado y reforestacion en el rio Pativilca,Alpas,Pativilca,Pativilca,Pativilca,Ocros,Cochas,261,,0.3 km,687 005.15,,,03,0305
41182,2020-415,2020,Limpieza y descolmatacion y proteccion con enrocado y reforestacion en el rio Pativilca,Cochas,Pativilca,Pativilca,Pativilca,Ocros,Cochas,1000,,0.6 km,1 328 027.81,,,03,0305
41183,2020-416,2020,Limpieza y descolmatacion y proteccion con enrocado y reforestacion en el rio Fortaleza,Aquia,Pativilca,Pativilca,Pativilca,Bolognesi,Aquia,150,,0.17 km,134 141.90,,,03,0305
41184,2020-417,2020,Limpieza y descolmatacion y proteccion con enrocado y reforestacion en el rio Fortaleza,Aquia,Pativilca,Pativilca,Pativilca,Bolognesi,Aquia,150,,0.19 km,148 245.97,,,03,0305
41185,2020-418,2020,Limpieza y descolmatacion y proteccion con enrocado y reforestacion en el rio Fortaleza,Aquia,Pativilca,Pativilca,Pativilca,Bolognesi,Aquia,150,,0.19 km,151 654.87,,,03,0305
41186,2020-419,2020,Limpieza y descolmatacion y proteccion con enrocado y reforestacion en el rio Fortaleza,Aucayco-Pacayal Chico,Julquillas,Julquillas,Fortaleza,Ocros,San Pedro,1,,4.76 km,8 972 751.70,,,03,0305
41187,2020-420,2020,Limpieza y descolmatacion y proteccion con enrocado y reforestacion en el rio Fortaleza,Aquia,Qda.Pomay,Pomay,Pativilca,Bolognesi,Aquia,150,,0.5 km,98 367.47,,,03,0305
41188,2020-421,2020,Limpieza y descolmatación,Huallanca,Torres,Torres,Intercuenca Alto Marañón V,Bolognesi,Huallanca,30,,0.25 km,314 878.52,,,06,0611
41189,2020-422,2020,Construccion de defensa ribereña,Vira Bajo,Qda. Vira,Vira,Intercuenca Alto Marañon V,Huari,Huari,55,,0.05 km,378 180.14,,,06,0610
41190,2020-423,2020,Construccion de defensa ribereña,Acopalca,Qda. Sahal,Sahal,Intercuenca Alto Marañon V,Huari,Huari,38,,0.06 km,253 132.62,,,06,0610
41191,2020-424,2020,Limpieza y descolmatacion y resane de canal,Acopara,Qda. Carhuascancha,Carhuascancha,Intercuenca Alto Marañon V,Huari,Huantar,162,,0.05 km,48 755.28,,,06,0610
41192,2020-425,2020,Limpieza y descolmatacion y construccion dique enrocado,Huantar,Qda. Carhuascancha,Carhuascancha,Intercuenca Alto Marañon V,Huari,Huantar,28,,1 km,717 585.33,,,06,0610
41193,2020-426,2020,Defensa ribereña,Parco,Qda.Parco Grande,Parco Grande,Intercuenca Alto Marañón V,Pomabamba,Pomabamba,15,,0.285 km,801 375.33,,,06,0609
41194,2020-427,2020,Defensa ribereña,Jancapampa,Qda. Janca Pampa-Ñañayoc,Janca Pampa-Ñañayoc,Intercuenca Alto Marañón V,Pomabamba,Pomabamba,25,,0.851 km,2 161 721.97,,,06,0609
41195,2020-428,2020,Defensa ribereña,Parobamba,Qda. Chogo,Chogo,Intercuenca Alto Marañón V,Pomabamba,Parobamba,100,,0.807 km,1 548 057.83,,,06,0609
41196,2020-429,2020,Defensa ribereña,El Mangle,Qda. Huanchaj,Huanchaj,Intercuenca Alto Marañón V,Sihuas,Cashapampa,56,,0.16 km,55 059.73,,,06,0609
41197,2020-430,2020,Defensa ribereña,Lucerito-Chirimoyo,Qda. Colpa,Colpa,Intercuenca Alto Marañón V,Sihuas,Sihuas,62,,0.9 km,2 580 473.77,,,06,0609
41198,2020-431,2020,Defensa ribereña,Pachacutec,Qda. Pachacutec,Pachacutec,Intercuenca Alto Marañón V,Sihuas,Cashapampa,56,,0.228 km,82 514.31,,,06,0609
41199,2020-432,2020,Defensa ribereña,Huascar,Qda. Huascar,Huascar,Intercuenca Alto Marañón V,Sihuas,Cashapampa,50,,0.315 km,48 723.71,,,06,0609
41200,2020-433,2020,Defensa ribereña,Mitobamba,Shuas,Shuas,Intercuenca Alto Marañón V,Sihuas,Sihuas,12,,1.693 km,354 745.66,,,06,0609
41201,2020-434,2020,"limpieza,descolmatación y construcción dique con enrocado",Huayaupuquio,Pomabamba,Pomabamba,Intercuenca Alto Marañon V,Pomabamba,Huayllan,5,,2.567 km,5 085 979.20,,,06,0609
41202,2020-436,2020,"Limpieza, Descolmatacion y construccion de Dique con enrocado",Choquechaca,Santa,Santa,Santa,Huaylas,Huata,5,,0.97 km,111 746.38,,,04,0402
41203,2020-437,2020,"Limpieza, Descolmatacion y construccion de Dique con enrocado",Pariahuanca,Arroyo Grande,Arroyo Grande,Santa,Carhuaz,Pariahuanca,156,,1.71 km,1 449 476.00,,,04,0402
41204,2020-438,2020,"Limpieza, Descolmatacion y construccion de Dique con enrocado",Tarica,Qda. Lloclla,Lloclla,Santa,Huaraz,Tarica,125,,0.53 km,211 538.35,,,04,0402
41205,2020-439,2020,"Limpieza, Descolmatacion y construccion de Dique con enrocado",Caraz,Qda. Llullan,Llullan,Santa,Huaylas,Caraz,50,,1.844 km,593 255.96,,,04,0402
41206,2020-440,2020,"Limpieza, Descolmatacion y construccion de Dique con enrocado",Compina Cuchu,Santa,Santa,Santa,Recuay,Ticapampa,,,0.26 km,1 354 697.51,,,04,0402
41207,2020-441,2020,"Limpieza, Descolmatacion y construccion de Dique con enrocado",Compina,Santa,Santa,Santa,Recuay,Ticapampa,,,0.17 km,632 098.63,,,04,0402
41208,2020-442,2020,"Limpieza, Descolmatacion y construccion de Dique con enrocado",Llullucachi,Santa,Santa,Santa,Recuay,Ticapampa,,,0.34 km,663 508.31,,,04,0402
41209,2020-443,2020,"Limpieza, Descolmatacion y construccion de Dique con enrocado",Toma,Santa,Santa,Santa,Carhuaz,Carhuaz,62,,0.26 km,705 271.33,,,04,0402
41210,2020-444,2020,"Limpieza, Descolmatacion y construccion de Dique con enrocado",Tuctu,Santa,Santa,Santa,Recuay,Recuay,62,,0.35 km,2 062 693.30,,,04,0402
41211,2020-445,2020,"Limpieza, Descolmatacion y construccion de Dique con enrocado",Wishka,Santa,Santa,Santa,Recuay,Catac,19,,0.136 km,119 884.26,,,04,0402
41212,2020-446,2020,"Limpieza, Descolmatacion y construccion de Dique con enrocado",Utcuyacu,Santa,Santa,Santa,Recuay,Catac,,,0.19 km,189 358.91,,,04,0402
41213,2020-447,2020,"Limpieza, y descolmatacion y conformacion de dique con material propio",Huayoshanca,Santa,Santa,Santa,Carhuaz,Yungar,,,0.337 km,219 227.18,,,04,0402
41214,2020-448,2020,"Limpieza, y descolmatacion",Anta,Qda. Piñi Uran,Piñi Uran,Santa,Carhuaz,Anta,5,,1.6 km,105 063.89,,,04,0402
41215,2020-449,2020,"Limpieza, y descolmatacion",Marcara,Marcara,Marcara,Santa,Carhuaz,Marcara,14,,0.12 km,93 631.44,,,04,0402
41216,2020-450,2020,"Limpieza, y descolmatacion",Acopampa,Chucchun,Chucchun,Santa,Carhuaz,Carhuaz,50,,1.1 km,492 369.00,,,04,0402
41217,2020-451,2020,"Limpieza, y descolmatacion y conformacion de dique con material propio",Huancapampa,Qda. Atochuacanca,Atochuacanca,Santa,Recuay,Recuay,150,,0.25 km,247 940.97,,,04,0402
41218,2020-452,2020,"Limpieza, y descolmatacion",Recuay,Qda. Chiriac,Chiriac,Santa,Recuay,Recuay,50,,0.27 km,53 661.71,,,04,0402
41219,2020-453,2020,"Limpieza, y descolmatacion",Huaraz,Qda. Rio Seco,Rio Seco,Santa,Huaraz,Huaraz,350,,1.6 km,866 262.69,,,04,0402
41220,2020-454,2020,Proteccion con dique enrocado,Jangas,Llacash,Llacash,Santa,Huaraz,Jangas,,,0.03 km,47 886.92,,,04,0402
41221,2020-455,2020,descolmatacion y encauzamiento,Putucauchachin,Qda. Putucauchachin,Putucauchachin,Santa,Yungay,Ranrahirca,19,,0.33 km,53 640.84,,,04,0402
41222,2020-456,2020,"Limpieza, y descolmatacion y conformacion de dique con material propio",Acobamba,Qda. Runtu,Runtu,Santa,Yungay,Yungay,25,,0.4 km,349 128.57,,,04,0402
41223,2020-457,2020,"Limpieza, y descolmatacion y conformacion de dique con material propio",Santa Rosa,Qda. Santa Rosa,Santa Rosa,Santa,Yungay,Yungay,90,,0.32 km,244 725.25,,,04,0402
41224,2020-501,2020,Limpieza y descolmatacion y proteccion con enrocado y reforestacion en el rio Fortaleza,Malvado Alto,Fortaleza,Fortaleza,Fortaleza,No resuelve contra INEI,Ubigeo declarado 150202,12,,0.5 km,1 103 543.78,,,03,0305
41225,2020-507,2020,Limpieza y descolmatacion y proteccion con enrocado y reforestacion en el rio Fortaleza,Tranca-Desembocaudura rio Fortaleza,Julquillas,Julquillas,Fortaleza,No resuelve contra INEI,Ubigeo declarado 150202,1,,3.15 km,6 218 857.04,,,03,0305
41226,2020-435,2020,"limpieza, Descolmatacion y construccion de dique con enrocado",Hualgayoc Nivin,Casma,Casma,Casma,Casma,Yautan,50,,4.2 km,13 541 230.63,Puntos  Criticos Complementarios,,04,0401
41227,2020-458,2020,"limpieza, Descolmatacion y construccion de dique con enrocado",Calavera Grande,Casma,Casma,Casma,Casma,Casma,75,,2 km,5 949 373.84,Puntos  Criticos Complementarios,,04,0401
41228,2020-459,2020,"limpieza, Descolmatacion y construccion de dique con enrocado",Calavera Chica-San Rafael,Casma,Casma,Casma,Casma,Casma,50,,2.6 km,4 822 929.74,Puntos  Criticos Complementarios,,04,0401
41229,2020-460,2020,"limpieza, Descolmatacion y construccion de dique con enrocado",Chamusco,Casma,Casma,Casma,Casma,Casma,50,,1.5 km,4 642 636.08,Puntos  Criticos Complementarios,,04,0401
41230,2020-461,2020,"limpieza, Descolmatacion y construccion de dique con enrocado",Santa Ana,Casma,Casma,Casma,Casma,Casma,150,,2 km,4 774 566.83,Puntos  Criticos Complementarios,,04,0401
41231,2020-462,2020,"limpieza, Descolmatacion y construccion de dique con enrocado",Carrizal,Casma,Casma,Casma,Casma,Casma,188,,1.9 km,3 674 238.55,Puntos  Criticos Complementarios,,04,0401
41232,2020-463,2020,"limpieza, Descolmatacion y construccion de dique con enrocado",carrizal-Beta Negra,Casma,Casma,Casma,Casma,Casma,150,,3 km,4 285 428.46,Puntos  Criticos Complementarios,,04,0401
41233,2020-464,2020,"limpieza, Descolmatacion y construccion de dique con enrocado",El Carmen,Casma,Casma,Casma,Casma,Casma,250,,2 km,6 337 721.28,Puntos  Criticos Complementarios,,04,0401
41234,2020-465,2020,"limpieza, Descolmatacion y construccion de dique con enrocado",Huanchuy,Sechin,Sechin,Casma,Casma,Buena Vista Alta,375,,2 km,3 619 611.31,Puntos  Criticos Complementarios,,04,0401
41235,2020-466,2020,"limpieza, Descolmatacion y construccion de dique con enrocado",Tucushuanca,Sechin,Sechin,Casma,Casma,Buena Vista Alta,62,,2 km,2 533 061.42,Puntos  Criticos Complementarios,,04,0401
41236,2020-467,2020,"limpieza, Descolmatacion y construccion de dique con enrocado",Rinconada,Sechin,Sechin,Casma,Casma,Buena Vista Alta,50,,1.3 km,2 527 872.00,Puntos  Criticos Complementarios,,04,0401
41237,2020-468,2020,"limpieza, Descolmatacion y construccion de dique con enrocado",Huancamuña,Sechin,Sechin,Casma,Casma,Buena Vista Alta,50,,2.4 km,2 547 995.43,Puntos  Criticos Complementarios,,04,0401
41238,2020-469,2020,"limpieza, Descolmatacion y construccion de dique con enrocado",Carboneria,Sechin,Sechin,Casma,Casma,Casma,50,,1.2 km,2 317 774.71,Puntos  Criticos Complementarios,,04,0401
41239,2020-471,2020,"limpieza, Descolmatacion y construccion de dique con enrocado",Quillapampa,Culebras,Culebras,Culebras,Huarmey,Culebras,31,,2.2 km,2 131 077.13,Puntos  Criticos Complementarios,,04,0401
41240,2020-472,2020,"limpieza, Descolmatacion y construccion de dique con enrocado",Santa Rosa,Culebras,Culebras,Culebras,Huarmey,Culebras,31,,2.5 km,2 630 192.03,Puntos  Criticos Complementarios,,04,0401
41241,2020-473,2020,"limpieza, Descolmatacion y construccion de dique con enrocado",Ten Ten,Culebras,Culebras,Culebras,Huarmey,Culebras,31,,2.2 km,3 810 143.67,Puntos  Criticos Complementarios,,04,0401
41242,2020-474,2020,"limpieza, Descolmatacion y construccion de dique con enrocado",Molino-Oyos,Culebras,Culebras,Culebras,Huarmey,Culebras,100,,4.4 km,7 810 984.84,Puntos  Criticos Complementarios,,04,0401
41243,2020-475,2020,"limpieza, Descolmatacion y construccion de dique con enrocado",Quitasombrero,Culebras,Culebras,Culebras,Huarmey,Culebras,150,,1.1 km,1 835 248.70,Puntos  Criticos Complementarios,,04,0401
41244,2020-476,2020,"limpieza, Descolmatacion y construccion de dique con enrocado",Puente Culebras,Culebras,Culebras,Culebras,Huarmey,Culebras,1,,0.3 km,428 951.06,Puntos  Criticos Complementarios,,04,0401
41245,2020-482,2020,"limpieza, Descolmatacion y construccion de dique con enrocado",Son Son,Huarmey,Huarmey,Huarmey,Huarmey,Huarmey,19,,1.8 km,1 925 627.47,Puntos  Criticos Complementarios,,04,0401
41246,2020-483,2020,"limpieza, Descolmatacion y construccion de dique con enrocado",Tayca Congo,Huarmey,Huarmey,Huarmey,Huarmey,Huarmey,12,,1.6 km,1 718 719.64,Puntos  Criticos Complementarios,,04,0401
41247,2020-484,2020,"limpieza, Descolmatacion y construccion de dique con enrocado",Mandinga,Huarmey,Huarmey,Huarmey,Huarmey,Huarmey,62,,1.6 km,3 003 792.52,Puntos  Criticos Complementarios,,04,0401
41248,2020-485,2020,"limpieza, Descolmatacion y construccion de dique con enrocado",Ayhuay,Huarmey,Huarmey,Huarmey,Huarmey,Huarmey,62,,2.5 km,4 388 235.30,Puntos  Criticos Complementarios,,04,0401
41249,2020-486,2020,"limpieza, Descolmatacion y construccion de dique con enrocado",San Nicolas,Huarmey,Huarmey,Huarmey,Huarmey,Huarmey,62,,1.5 km,2 090 635.63,Puntos  Criticos Complementarios,,04,0401
41250,2020-487,2020,"limpieza, Descolmatacion y construccion de dique con enrocado",Tabon,Casma,Casma,Casma,Casma,Casma,62,,2.2 km,8 244 852.41,Puntos  Criticos Complementarios,,04,0401
41251,2020-488,2020,"limpieza, Descolmatacion y construccion de dique con enrocado",Puente Tabon-Puerto casma,Casma,Casma,Casma,Casma,Comandante Noel,62,,3.4 km,5 937 093.41,Puntos  Criticos Complementarios,,04,0401
41252,2020-489,2020,"limpieza, Descolmatacion y construccion de dique con enrocado",Nivin,Qda. Nivin,Nivin,Casma,Casma,Casma,31,,0.6 km,419 825.05,Puntos  Criticos Complementarios,,04,0401
41253,2020-490,2020,"limpieza, Descolmatacion y construccion de dique con enrocado",Olivar,Qda. El Olivar,El Olivar,Casma,Casma,Buena Vista Alta,31,,1.9 km,1 405 546.20,Puntos  Criticos Complementarios,,04,0401
41254,2020-492,2020,"limpieza, Descolmatacion y construccion de dique con enrocado",Muña,Qda. Tomeque,Tomeque,Casma,Casma,Yautan,250,,3.6 km,5 048 344.83,Puntos  Criticos Complementarios,,04,0401
41255,2020-493,2020,Descolmatación de cauce de rio Nepeña y protección margen izquierda con enrocado de la Bocatoma Montecomun,Puente Moro-Bocatoma Monte Comun,Nepeña,Nepeña,Nepeña,Santa,Moro,1300,,1.5 km,1 659 118.54,Puntos  Criticos Complementarios,,04,0403
41256,2020-494,2020,Descolmatación de cauce del rio Nepeña y protección con enrocado,"Huanbacho, Patillos, La Capilla, y la Ciudad Capital del Disrito de Samanco",Nepeña,Nepeña,Nepeña,Santa,Samanco,1500,,6 km,5 849 138.12,Puntos  Criticos Complementarios,,04,0401
41257,2020-495,2020,Descolmatación de cauce del rio Nepeña y conformacion de dique en ambas margenes,"Caña Castilla, Pañamarca y Huacatambo",Nepeña,Nepeña,Nepeña,Santa,Nepeña,1300,,7.18 km,5 270 058.70,Puntos  Criticos Complementarios,,04,0403
41258,2020-496,2020,Descolmatación de cauce del rio Santa y protección con enrocado en la margen izquierda,Pueblo Viejo 1 y 2,Santa,Santa,Santa,Santa,Santa,625,,1.2 km,3 782 783.15,Puntos  Criticos Complementarios,,04,0403
41259,2020-497,2020,Descolmatación de cauce del rio Santa y protección con enrocado en la margen izquierda,La Vibora-El Cerro,Santa,Santa,Santa,Santa,Chimbote,625,,1 km,2 782 864.58,Puntos  Criticos Complementarios,,04,0403
41260,2020-498,2020,Descolmatación de cauce del rio Lacramarca y protección con enrocado en la margen derecha,KM 9-La Campiña,Lacramarca,Lacramarca,Lacramarca,Santa,Chimbote,300,,1 km,1 487 779.54,Puntos  Criticos Complementarios,,04,0403
41261,2020-470,2020,"limpieza, Descolmatacion y construccion de dique con enrocado",Huayash,Culebras,Culebras,Culebras,Huarmey,Culebras,31,,2 km,2 000 666.97,Puntos  Criticos Complementarios,,04,0401
41262,2020-477,2020,"limpieza, Descolmatacion y construccion de dique con enrocado",Lacrao-Tres Cruces,Huarmey,Huarmey,Huarmey,Huarmey,Huarmey,38,,3 km,2 947 932.98,Puntos  Criticos Complementarios,,04,0401
41263,2020-478,2020,"limpieza, Descolmatacion y construccion de dique con enrocado",Mancayoc,Huarmey,Huarmey,Huarmey,Huarmey,Huarmey,25,,1.1 km,1 197 348.75,Puntos  Criticos Complementarios,,04,0401
41264,2020-479,2020,"limpieza, Descolmatacion y construccion de dique con enrocado",Cañapampa,Huarmey,Huarmey,Huarmey,Huarmey,Huarmey,25,,1 km,1 094 717.09,Puntos  Criticos Complementarios,,04,0401
41265,2020-480,2020,"limpieza, Descolmatacion y construccion de dique con enrocado",Garlero,Huarmey,Huarmey,Huarmey,Huarmey,Huarmey,19,,1.5 km,1 619 347.27,Puntos  Criticos Complementarios,,04,0401
41266,2020-481,2020,"limpieza, Descolmatacion y construccion de dique con enrocado",Cerro Blanco,Huarmey,Huarmey,Huarmey,Huarmey,Huarmey,125,,4 km,3 932 322.47,Puntos  Criticos Complementarios,,04,0401
41267,2020-491,2020,"limpieza, Descolmatacion y construccion de dique con enrocado",Maria Cristina,Qda. Maria Cristina,Maria Cristina,Huarmey,Huarmey,Huarmey,88,,1.3 km,1 892 100.56,Puntos  Criticos Complementarios,,04,0401
41268,2020-499,2020,Construccion de defensa ribereña,Uchupata,Qda. Shuncuy,Shuncuy,Intercuenca Alto Marañon V,Huari,Cajay,438,,0.375 km,17 799 404.76,Puntos  Criticos Complementarios,,06,0610
