ID_registro;X;Y;UBIGEO;DEP;PROV;DIST;CODCP;NOMCP;MNOMCP;CAPITAL;CON_IE;NIVEL;CPINEI;CPINEI2;FUENTE_INE;FUENTE_G;Z;XGD;YGD;Y_X_COORD;NOMBRE
34197;-78.5935723399316;-9.07454175999717;021801;ANCASH;SANTA;CHIMBOTE;117876;Chimbote;CHIMBOTE;2;1;GIPSKLED;0218010001;;INEI17;IMG_SATELITAL;10;-78.59357234000;-9.07454176000;-9.07454175999993-78.59357234;Intercuenca 1375999
34198;-78.6151393899282;-9.02291393999709;021803;ANCASH;SANTA;COISHCO;131658;Coishco;COISHCO;3;1;GIPSD;0218030001;;INEI17;MED-GPS;20;-78.61513939000;-9.02291394000;-9.02291393999997-78.61513939;Intercuenca 1375999
34199;-77.4913371399952;-9.81195739999977;021710;ANCASH;RECUAY;TICAPAMPA;517494;Rampac;RAMPAC;0;0;;0217100018;;INEI17;IGN;4484;-77.49133714000;-9.81195740000;-9.81195739999993-77.49133714;Cuenca Santa
34200;-77.5040727379948;-9.51363277799978;020105;ANCASH;HUARAZ;INDEPENDENCIA;124291;Marian;MARIAN;0;1;GIPS;0201050064;;INEI13;MED-GPS;3284;-77.50407273800;-9.51363277800;-9.51363277799993-77.5040727379999;Cuenca Santa
34201;-77.5405838709943;-9.48273194799981;020105;ANCASH;HUARAZ;INDEPENDENCIA;613070;Santa Casa;SANTA CASA;0;1;I;0201050025;;INEI17;MED-GPS;3003;-77.54058387100;-9.48273194800;-9.48273194799998-77.540583871;Cuenca Santa
34202;-77.5257990759945;-9.5285589689998;020101;ANCASH;HUARAZ;HUARAZ;560985;San Francisco;SAN FRANCISCO;0;1;IPSD;;;;MED-GPS;3065;-77.52579907600;-9.52855896900;-9.52855896899996-77.5257990759999;Cuenca Santa
34203;-77.6462965399922;-9.28176453999969;020601;ANCASH;CARHUAZ;CARHUAZ;116022;Carhuaz;CARHUAZ;2;1;IPSKED;0206010001;;INEI17;MED-GPS;2640;-77.64629654000;-9.28176454000;-9.28176453999993-77.64629654;Cuenca Santa
34204;-77.5597029899939;-9.50562468999975;020105;ANCASH;HUARAZ;INDEPENDENCIA;620941;Santa Rosa de Pacuash;SANTA ROSA DE PACUASH;0;0;;0201050044;;INEI17;MED-GPS;3431;-77.55970299000;-9.50562469000;-9.50562468999993-77.5597029899999;Cuenca Santa
34205;-77.8618050399859;-8.81831050999952;021202;ANCASH;HUAYLAS;HUALLANCA;116202;Huallanca;HUALLANCA;3;1;IPS;0212020001;;INEI17;MED-GPS;1394;-77.86180504000;-8.81831051000;-8.81831050999995-77.86180504;Cuenca Santa
34206;-77.7771325299887;-8.9286002699996;021208;ANCASH;HUAYLAS;SANTA CRUZ;226317;Pomabamba;POMABAMBA;0;0;;0212080058;;INEI17;IGN;3634;-77.77713253000;-8.92860027000;-8.92860026999995-77.77713253;Cuenca Santa
34207;-77.7629387999893;-9.1213425299996;022001;ANCASH;YUNGAY;YUNGAY;127049;Huanchuy;HUANCHUY;0;0;;0220010029;;INEI17;IMG_SATELITAL;2358;-77.76293880000;-9.12134253000;-9.12134252999994-77.7629388;Cuenca Santa
34208;-78.236178989966;-8.6546706299988;021801;ANCASH;SANTA;CHIMBOTE;125233;Chuquicara;CHUQUICARA;0;1;GP;0218040002;;INEI17;MED-GPS;505;-78.23617899000;-8.65467063000;-8.65467062999994-78.23617899;Cuenca Santa
34209;-77.807454689987;-8.17529439999958;021509;ANCASH;PALLASCA;PAMPAS;219801;Pelagatos;PELAGATOS;0;1;GP;0215090026;;INEI17;MED-GPS;3975;-77.80745469000;-8.17529440000;-8.17529439999993-77.80745469;Cuenca Santa
34210;-77.8497342099855;-8.17522890999953;021509;ANCASH;PALLASCA;PAMPAS;530088;Conzuso;CONZUSO;0;1;I;0215090029;;INEI17;MED-GPS;3674;-77.84973421000;-8.17522891000;-8.17522890999993-77.84973421;Cuenca Santa
34211;-78.5805194099332;-9.06697143999729;021801;ANCASH;SANTA;CHIMBOTE;130442;San Francisco;SAN FRANCISCO;0;1;GP;;;;MED-GPS;17;-78.58051941000;-9.06697144000;-9.06697143999997-78.58051941;Cuenca Lacramarca
34212;-78.0274654999798;-9.19909266999927;021206;ANCASH;HUAYLAS;PAMPAROMAS;525925;Huanchuy;HUANCHUY;0;1;IP;0212060072;;INEI17;MED-GPS;1820;-78.02746550000;-9.19909267000;-9.19909266999997-78.0274654999999;Cuenca Nepeña
34213;-78.0696316669772;-8.98648166699919;021802;ANCASH;SANTA;CACERES DEL PERU;667151;Huanchuy;HUANCHUY;0;0;;0218020130;;INEI17;INEI;1887;-78.06963166700;-8.98648166700;-8.98648166699996-78.069631667;Cuenca Nepeña
34214;-77.912323229985;-9.46248837999945;020102;ANCASH;HUARAZ;COCHABAMBA;131764;Huanchuy;HUANCHUY;0;1;GP;0201020037;;INEI17;MED-GPS;1671;-77.91232323000;-9.46248838000;-9.46248837999997-77.91232323;Cuenca Casma
34215;-78.1526651999735;-9.36026835999898;020802;ANCASH;CASMA;BUENA VISTA ALTA;223793;Huanchuy;HUANCHUY;0;1;IPS;0208020002;;INEI17;MED-GPS;497;-78.15266520000;-9.36026836000;-9.36026835999996-78.1526651999999;Cuenca Casma
34216;-77.8986875299856;-9.55456627999946;020110;ANCASH;HUARAZ;PARIACOTO;234918;Tanin;TANIN;0;0;;0201100008;;INEI17;IGN;1127;-77.89868753000;-9.55456628000;-9.55456627999996-77.89868753;Cuenca Casma
34217;-78.1522711699755;-10.0687066099989;021101;ANCASH;HUARMEY;HUARMEY;129808;Huarmey;HUARMEY;2;1;GIPSKLED;0211010001;;INEI17;OSEE;11;-78.15227117000;-10.06870661000;-10.0687066099999-78.1522711699999;Cuenca Huarmey
34218;-78.1664199399748;-10.1029779699989;021101;ANCASH;HUARMEY;HUARMEY;117259;Puerto Huarmey;PUERTO HUARMEY;0;1;IPS;0211010031;;INEI17;MED-GPS;5;-78.16641994000;-10.10297797000;-10.1029779699999-78.16641994;Cuenca Huarmey
34219;-77.5020683329953;-10.3203599999998;020507;ANCASH;BOLOGNESI;COLQUIOC;666888;Huanchuy;HUANCHUY;0;0;;0214060067;;INEI17;INEI;2154;-77.50206833300;-10.32036000000;-10.3203599999999-77.502068333;Cuenca Fortaleza
34220;-77.6154897099936;-10.3131180599997;020507;ANCASH;BOLOGNESI;COLQUIOC;538250;Chasquitambo;CHASQUITAMBO;3;1;GIPSL;0205070001;;INEI17;MED-GPS;748;-77.61548971000;-10.31311806000;-10.31311806-77.61548971;Cuenca Fortaleza
34221;-77.580211666994;-10.1321983329997;021705;ANCASH;RECUAY;LLACLLIN;620049;Huanchuy;HUANCHUY;0;0;;;;INEI17;INEI;1816;-77.58021166700;-10.13219833300;-10.132198333-77.580211667;Cuenca Fortaleza
34222;-76.9416435999991;-9.89931603999995;020508;ANCASH;BOLOGNESI;HUALLANCA;124495;Huallanca;HUALLANCA;3;1;IPSD;0205080001;;INEI17;MED-GPS;3547;-76.94164360000;-9.89931604000;-9.89931603999997-76.9416436;Intercuenca Alto Marañón V
34223;-77.0751845099986;-9.3770937699999;021007;ANCASH;HUARI;HUACHIS;110428;Quecas;QUECAS;0;0;;0210070009;;INEI17;IGN;3189;-77.07518451000;-9.37709377000;-9.37709376999993-77.07518451;Intercuenca Alto Marañón V
34224;-76.9384820299991;-9.28002439999992;021005;ANCASH;HUARI;HUACACHI;527674;Pomabamba;POMABAMBA;0;0;;0210050016;;INEI17;IGN;3541;-76.93848203000;-9.28002440000;-9.28002439999995-76.93848203;Intercuenca Alto Marañón V
34225;-77.197916169998;-9.62504102999991;021004;ANCASH;HUARI;CHAVIN DE HUANTAR;130758;Tanin;TANIN;0;1;GP;0210040034;;INEI17;MED-GPS;3479;-77.19791617000;-9.62504103000;-9.62504102999998-77.19791617;Intercuenca Alto Marañón V
34226;-77.1104365299984;-9.41576857999993;021007;ANCASH;HUARI;HUACHIS;626317;San Francisco;SAN FRANCISCO;0;1;GP;0210070025;;INEI13;MED-GPS;3412;-77.11043653000;-9.41576858000;-9.41576857999996-77.11043653;Intercuenca Alto Marañón V
34227;-77.3522790299965;-9.09692889999987;020701;ANCASH;CARLOS FERMIN FITZCARRALD;SAN LUIS;542474;Pircay;PIRCAY;0;0;;0207010076;;INEI17;IGN;3085;-77.35227903000;-9.09692890000;-9.09692889999997-77.35227903;Intercuenca Alto Marañón V
34228;-77.4602513999951;-8.82053149999983;021601;ANCASH;POMABAMBA;POMABAMBA;125809;Pomabamba;POMABAMBA;2;1;IPSKLD;0216010001;;INEI17;MED-GPS;2957;-77.46025140000;-8.82053150000;-8.82053149999996-77.4602513999999;Intercuenca Alto Marañón V
34229;-77.3982330299959;-8.85536413999985;021302;ANCASH;MARISCAL LUZURIAGA;CASCA;126515;Casca;CASCA;3;1;IP;0213020001;;INEI17;MED-GPS;3153;-77.39823303000;-8.85536414000;-8.85536413999995-77.39823303;Intercuenca Alto Marañón V
34230;-77.4345733329955;-8.98414333299984;021306;ANCASH;MARISCAL LUZURIAGA;LLUMPA;666787;Pomabamba;POMABAMBA;0;0;;0213060061;;INEI17;INEI;2929;-77.43457333300;-8.98414333300;-8.98414333299996-77.4345733329999;Intercuenca Alto Marañón V
34231;-77.3868953599961;-8.98414848999984;021306;ANCASH;MARISCAL LUZURIAGA;LLUMPA;132185;Chucllush;CHUCLLUSH;0;1;IP;0213060031;;INEI17;MED-GPS;2942;-77.38689536000;-8.98414849000;-8.98414848999994-77.38689536;Intercuenca Alto Marañón V
34232;-77.3751554699962;-8.94877675999984;021306;ANCASH;MARISCAL LUZURIAGA;LLUMPA;511138;Pircay;PIRCAY;0;1;IP;0213060007;;INEI17;MED-GPS;3215;-77.37515547000;-8.94877676000;-8.94877675999993-77.37515547;Intercuenca Alto Marañón V
34233;-77.2392124499975;-8.9638405899999;020703;ANCASH;CARLOS FERMIN FITZCARRALD;YAUYA;535036;San Francisco;SAN FRANCISCO;0;1;GIPS;0207030015;;INEI17;MED-GPS;3053;-77.23921245000;-8.96384059000;-8.96384058999996-77.23921245;Intercuenca Alto Marañón V
34234;-77.3072766669969;-8.98180166699988;020703;ANCASH;CARLOS FERMIN FITZCARRALD;YAUYA;677289;Huallanca;HUALLANCA;0;0;;0207030083;;INEI17;INEI;3466;-77.30727666700;-8.98180166700;-8.98180166699996-77.3072766669999;Intercuenca Alto Marañón V
34235;-77.0168267599988;-9.10103563999993;020301;ANCASH;ANTONIO RAYMONDI;LLAMELLIN;129091;Llamellin;LLAMELLIN;2;1;GIPSKD;0203010001;;INEI17;MED-GPS;3379;-77.01682676000;-9.10103564000;-9.10103563999996-77.01682676;Intercuenca Alto Marañón V
34236;-77.0392214899987;-9.12681200999995;020304;ANCASH;ANTONIO RAYMONDI;CHINGAS;116180;Pomabamba;POMABAMBA;0;1;IP;0203040030;;INEI17;MED-GPS;3768;-77.03922149000;-9.12681201000;-9.12681200999998-77.03922149;Intercuenca Alto Marañón V
34237;-77.6548113199915;-8.59566150999972;021904;ANCASH;SIHUAS;CASHAPAMPA;124822;Pasacancha;PASACANCHA;0;1;IPS;0219040031;;INEI17;MED-GPS;3544;-77.65481132000;-8.59566151000;-8.59566150999996-77.65481132;Intercuenca Alto Marañón V
34238;-77.5915787699928;-8.55491799999973;021901;ANCASH;SIHUAS;SIHUAS;527427;San Francisco;SAN FRANCISCO;0;1;IP;0219010021;;INEI17;MED-GPS;3547;-77.59157877000;-8.55491800000;-8.55491799999993-77.59157877;Intercuenca Alto Marañón V
34239;-77.631220599992;-8.55458703999973;021901;ANCASH;SIHUAS;SIHUAS;121257;Sihuas;SIHUAS;2;1;IPSLD;0219010001;;INEI17;MED-GPS;2730;-77.63122060000;-8.55458704000;-8.55458703999994-77.6312205999999;Intercuenca Alto Marañón V
