ID,X,Y,DEP,PROV,DIST,NOMCP,RED_SALUD,METALES,ZONA,Cuenca
40934,-77.1274464799983,-9.5285298699999,ANCASH,HUARI,SAN MARCOS,Juprog,Conchucos Sur,Plomo/Cadmio,Rural,Intercuenca Alto Marañón V
40935,-77.0195037699988,-9.52298636999993,ANCASH,HUARI,SAN MARCOS,Ayash Huaripampa,Conchucos Sur,Plomo/Cadmio,Rural,Intercuenca Alto Marañón V
40936,-77.927908019984,-9.21384531999943,ANCASH,HUAYLAS,PAMPAROMAS,Quicacayan,Huaylas Norte,Arsénico,Rural,Cuenca Nepeña
40937,-77.914320389984,-8.86457138999948,ANCASH,HUAYLAS,SANTO TORIBIO,Santo Toribio,Huaylas Norte,Arsénico,Rural,Cuenca Santa
40938,-77.9273730299835,-8.86725026999942,ANCASH,HUAYLAS,SANTO TORIBIO,Quekuas,Huaylas Norte,Arsénico,Rural,Cuenca Santa
40939,-77.9058338869842,-8.73925808499948,ANCASH,HUAYLAS,YURACMARCA,Huaracayoc,Huaylas Norte,Arsénico,Rural,Cuenca Santa
40940,-77.8232952499876,-9.17438927999956,ANCASH,HUAYLAS,PUEBLO LIBRE,Huacay,Huaylas Norte,Arsénico,Rural,Cuenca Santa
40941,-77.807215019988,-9.14959521999959,ANCASH,HUAYLAS,PUEBLO LIBRE,Carhua,Huaylas Norte,Arsénico,Rural,Cuenca Santa
40942,-77.8121940699879,-9.14261802999955,ANCASH,HUAYLAS,PUEBLO LIBRE,Marca,Huaylas Norte,Arsénico,Rural,Cuenca Santa
40943,-77.8246781599875,-9.12756363999955,ANCASH,HUAYLAS,PUEBLO LIBRE,Huamancayan,Huaylas Norte,Arsénico,Rural,Cuenca Santa
40944,-77.8618050399859,-8.81831050999952,ANCASH,HUAYLAS,HUALLANCA,Huallanca,Huaylas Norte,Arsénico,Rural,Cuenca Santa
40945,-77.3673285699963,-8.96111637999987,ANCASH,MARISCAL LUZURIAGA,LLUMPA,Llumpa,Conchucos Norte,Arsénico,Rural,Intercuenca Alto Marañón V
40946,-77.7893638999885,-9.12494440999959,ANCASH,HUAYLAS,PUEBLO LIBRE,Llacta,Huaylas Norte,Arsénico,Rural,Cuenca Santa
40947,-77.8338273899872,-9.12068287999954,ANCASH,HUAYLAS,PUEBLO LIBRE,Coirocsho,Huaylas Norte,Arsénico,Rural,Cuenca Santa
40948,-77.8022125299882,-9.11608914999957,ANCASH,HUAYLAS,PUEBLO LIBRE,Huashca,Huaylas Norte,Arsénico,Rural,Cuenca Santa
40949,-77.8417478399869,-9.11126228999954,ANCASH,HUAYLAS,PUEBLO LIBRE,Cochatanca,Huaylas Norte,Arsénico,Rural,Cuenca Santa
40950,-77.6548113199915,-8.59566150999972,ANCASH,SIHUAS,CASHAPAMPA,Pasacancha,Conchucos Norte,Arsénico,Rural,Intercuenca Alto Marañón V
40951,-78.1427402899761,-10.1000758599989,ANCASH,HUARMEY,HUARMEY,9 De Octubre,Pacífico Sur,Arsénico,Urbano,Cuenca Huarmey
40952,-78.1664199399748,-10.1029779699989,ANCASH,HUARMEY,HUARMEY,Puerto Huarmey,Pacífico Sur,Arsénico,Urbano,Cuenca Huarmey
40953,-77.5685066499941,-10.0093085199997,ANCASH,RECUAY,TAPACOCHA,Tapacocha,Huaylas Sur,Arsénico,Rural,Cuenca Huarmey
40954,-77.422340709996,-9.82265945999983,ANCASH,RECUAY,CATAC,Utcuyacu,Huaylas Sur,Arsénico,Rural,Cuenca Santa
40955,-78.1526651999735,-9.36026835999898,ANCASH,CASMA,BUENA VISTA ALTA,Huanchuy,Pacífico Sur,Arsénico,Rural,Cuenca Casma
40956,-77.9469412999834,-9.30491697999941,ANCASH,YUNGAY,QUILLO,Huacho,Pacífico Sur,Arsénico,Rural,Cuenca Casma
40957,-77.5968328499935,-9.76991527999976,ANCASH,AIJA,AIJA,Llanqui,Huaylas Sur,Arsénico,Rural,Cuenca Huarmey
40958,-77.6325258999928,-9.7621572799997,ANCASH,AIJA,LA MERCED,Rurimarac,Huaylas Sur,Arsénico,Rural,Cuenca Huarmey
40959,-77.5040727379948,-9.51363277799978,ANCASH,HUARAZ,INDEPENDENCIA,Marian,Huaylas Sur,Arsénico,Rural,Cuenca Santa
40960,-77.5751470599936,-9.42795427999975,ANCASH,HUARAZ,JANGAS,Atupa,Huaylas Sur,Arsénico/Cadmio,Rural,Cuenca Santa
40961,-77.5894240199936,-9.77976580999975,ANCASH,AIJA,AIJA,Anquilta,Huaylas Sur,Arsénico,Rural,Cuenca Huarmey
40962,-77.5990573999935,-9.80844306999974,ANCASH,AIJA,AIJA,Mallqui,Huaylas Sur,Plomo,Rural,Cuenca Huarmey
40963,-77.6107181299932,-9.78020556999974,ANCASH,AIJA,AIJA,Aija,Huaylas Sur,Arsénico/Mercurio,Urbano,Cuenca Huarmey
40964,-77.4336651129959,-9.78786099999983,ANCASH,RECUAY,CATAC,San Miguel,Huaylas Sur,Arsénico,Rural,Cuenca Santa
40965,-78.5616410899359,-9.10311859999738,ANCASH,SANTA,CHIMBOTE,15 de Abril,Pacífico Norte,Plomo,Urbano,Intercuenca 1375991
40966,-78.5594408899363,-9.11817001999741,ANCASH,SANTA,CHIMBOTE,27 de Octubre,Pacífico Norte,Plomo,Urbano,Intercuenca 1375991
40967,-78.1378008999735,-9.01312082999902,ANCASH,SANTA,CACERES DEL PERU,Jimbe,Pacífico Sur,Arsénico,Rural,Cuenca Nepeña
40968,-78.1451008999729,-8.93495999999899,ANCASH,SANTA,CACERES DEL PERU,Lampanin,Pacífico Sur,Arsénico,Rural,Cuenca Nepeña
40969,-78.1305779099739,-9.00463828999904,ANCASH,SANTA,CACERES DEL PERU,Santa Rosa,Pacífico Sur,Arsénico,Rural,Cuenca Nepeña
40970,-78.0990890099755,-8.92596805999911,ANCASH,SANTA,CACERES DEL PERU,Rayan,Pacífico Sur,Arsénico,Rural,Cuenca Nepeña
40971,-77.4564397799953,-9.08268338999982,ANCASH,YUNGAY,YANAMA,Lauripata,Huaylas Norte,Arsénico,Rural,Intercuenca Alto Marañón V
40972,-77.6737862599916,-9.21475542999971,ANCASH,YUNGAY,MANCOS,Pumarranra,Huaylas Norte,Arsénico,Rural,Cuenca Santa
40973,-77.6900943399912,-9.17768603999969,ANCASH,YUNGAY,RANRAHIRCA,Cochapampa,Huaylas Norte,Arsénico,Rural,Cuenca Santa
40974,-77.6826804099913,-9.18101203999966,ANCASH,YUNGAY,MANCOS,Apa Chico,Huaylas Norte,Arsénico,Rural,Cuenca Santa
40975,-77.7467917099898,-9.17700910999965,ANCASH,YUNGAY,MATACOTO,Matacoto,Huaylas Norte,Arsénico,Rural,Cuenca Santa
40976,-78.0334288199777,-8.30011820999927,ANCASH,PALLASCA,PALLASCA,Huachaullo,Pacífico Norte,Plomo,Rural,Cuenca Santa
40977,-78.0195546299784,-8.2999657999993,ANCASH,PALLASCA,PALLASCA,Paccha,Pacífico Norte,Plomo,Rural,Cuenca Santa
40978,-78.046090189977,-8.28175082999929,ANCASH,PALLASCA,PALLASCA,Nuevo Llaymucha,Pacífico Norte,Plomo,Rural,Cuenca Santa
40979,-78.0298535099779,-8.2762199899993,ANCASH,PALLASCA,PALLASCA,Llaymucha,Pacífico Norte,Plomo,Rural,Cuenca Santa
40980,-78.0863533329748,-8.29082833299922,ANCASH,PALLASCA,PALLASCA,Sacaycacha,Pacífico Norte,Plomo,Rural,Cuenca Santa
40981,-77.807454689987,-8.17529439999958,ANCASH,PALLASCA,PAMPAS,Pelagatos,Pacífico Norte,Plomo,Rural,Cuenca Santa
40982,-77.8497342099855,-8.17522890999953,ANCASH,PALLASCA,PAMPAS,Conzuso,Pacífico Norte,Plomo,Rural,Cuenca Santa
40983,-77.8380943799859,-8.17686943999958,ANCASH,PALLASCA,PAMPAS,Paragon,Pacífico Norte,Plomo,Rural,Cuenca Santa
40984,-77.8527077069855,-8.26854916899952,ANCASH,PALLASCA,CONCHUCOS,Conchucos,Pacífico Norte,Plomo,Rural,Cuenca Santa
40985,-77.4564468499956,-9.72173349999989,ANCASH,RECUAY,RECUAY,Recuay,Huaylas Sur,Arsénico,Rural,Cuenca Santa
40986,-77.4608899999956,-9.73490832999986,ANCASH,RECUAY,RECUAY,Chiriac,Huaylas Sur,Arsénico,Rural,Cuenca Santa
40987,-77.4560699999956,-9.74152832999986,ANCASH,RECUAY,TICAPAMPA,Chuyan,Huaylas Sur,Arsénico,Rural,Cuenca Santa
40988,-77.4498083299957,-9.75314499999989,ANCASH,RECUAY,TICAPAMPA,Rampac,Huaylas Sur,Arsénico,Rural,Cuenca Santa
40989,-77.3867683299962,-9.15315666999989,ANCASH,ASUNCION,CHACAS,Jambon,Huaylas Sur,Arsénico,Rural,Intercuenca Alto Marañón V
40990,-78.4959427999447,-9.26227155999774,ANCASH,SANTA,SAMANCO,Samanco,Pacífico Sur,Arsénico,Urbano,Cuenca Nepeña
40991,-77.1784083199981,-9.58850344999996,ANCASH,HUARI,Chavín de Huántar,Chavín de Huántar,Conchucos Sur,Arsénico,Urbano,Intercuenca Alto Marañón V
40992,-77.1749366699981,-9.66824332999995,ANCASH,HUARI,SAN MARCOS,Pichiu San Pedro,Conchucos Sur,Plomo/Cadmio,Rural,Intercuenca Alto Marañón V
40993,-77.5047416699946,-9.01630166999987,ANCASH,YUNGAY,YANAMA,Yerba Buena,Huaylas Norte,Arsénico,Rural,Intercuenca Alto Marañón V
