ID_registro;X;Y;OBJECTID_1;Join_Count;TARGET_FID;Id;OBJECTID;CODIGOU;FEC_DENU;CONCESION;TIT_CONCES;D_ESTADO;CARTA;ZONA;LEYENDA;SUSTANCIA;DEPA;PROVI;DISTRI;HASDATUM;SHAPE_Leng;NOMBRE
34240;-78.178135023364;-10.1015861837985;10;1;9;0;309;P0103988A;1999/05/04;HUINCUSH;COMPAÑIA MINERA ANTAMINA S.A.;Planta de Beneficio;21-G;17;OTROS;M;/  ANCASH;MAR /  HUARMEY;MAR /  HUARMEY;14.78850000000;1558.34710719000;Intercuenca 137593
34241;-77.8902571903805;-10.4419616669865;11;1;10;0;11989;P520000110;2010/10/20;PLANTA BACO;MRC 1 EXPLORACIONES E.I.R.L.;Planta de Beneficio;21-H;18;OTROS;M;ANCASH;HUARMEY;HUARMEY;3.68950000000;769.31328454000;Intercuenca 137593
34242;-77.8968793782854;-10.4815727836186;12;1;11;0;21489;P020000818;2018/08/15;PLNTA DE BENEFICIO DE MINERALES GESAC;GERMAN ENGINEERING & CIE S.A.C.;Planta de Beneficio;21-H;18;OTROS;M;ANCASH;HUARMEY;HUARMEY;10.00000000000;1400.00000000000;Intercuenca 137593
34243;-77.8612105036794;-10.5908101855806;13;1;12;0;37467;P150000321;2021/12/13;PLANTA ESTATICA DE MINERALES PALTARUMI;PALTARUMI SOCIEDAD ANONIMA CERRADA;Planta de Beneficio;22-H;18;OTROS;M;ANCASH /  LIMA;HUARMEY /  BARRANCA;PARAMONGA /  HUARMEY;44.17160000000;2818.75300123000;Intercuenca 137593
34244;-78.2111174084905;-9.73218403298314;7;1;6;0;5163;P020000318;2018/10/27;PLANTA DE BENEFICIO ALDEBARAN;BOREAL INGENIEROS S.A.C.;Planta de Beneficio;20-G;17;OTROS;M;ANCASH;CASMA;CASMA;24.52460000000;2358.68045890000;Intercuenca 1375959
34245;-78.1780358723558;-9.81777143305984;8;1;7;0;6677;P020000418;2018/11/07;PLANTA DE BENEFICIO GOOD DAY;COMPAÑIA MINERA SOL DE CASMA S.A.C.;Planta de Beneficio;20-G;17;OTROS;M;ANCASH;HUARMEY;CULEBRAS;13.65520000000;1567.76493232000;Intercuenca 1375959
34246;-78.4681274948095;-9.20172592290306;1;1;0;0;1263;P020000918;2018/11/05;PLANTA DE BENEFICIO EL MIRADOR;M & S TRANSPORTES Y SERVICIOS GENERALES S.A.C.;Planta de Beneficio;19-G;17;OTROS;M;ANCASH;SANTA;SAMANCO;11.29580000000;1928.74438852000;Intercuenca 1375991
34247;-77.2476980863485;-10.0872877958099;14;1;13;0;9779;P0100485;1998/11/20;CONCENTRADORA CONOCOCHA;CORPORACION MINERA SACRACANCHA S.A.C.;Planta de Beneficio;21-I;18;OTROS;M;ANCASH;RECUAY;CATAC;35.00000000000;2400.00000017000;Cuenca Santa
34248;-77.5901953064459;-9.46103655615756;22;1;21;0;24313;P0103986;2002/09/03;MISQUICHILCA;MINERA BARRICK PERU S.A.;Planta de Beneficio;19-H;18;OTROS;M;ANCASH;HUARAZ;INDEPENDENCIA /  JANGAS;1350.00000000000;14892.94425810000;Cuenca Santa
34249;-77.4183209427398;-9.73192899745711;23;1;22;0;32806;P020000220;2020/10/14;PLANTA DE BENEFICIO LA CHURRA;EUROMIN PERU S.A.C;Planta de Beneficio;20-I;18;OTROS;M;ANCASH;RECUAY;RECUAY;54.93920000000;4140.92255283000;Cuenca Santa
34250;-77.4075840148331;-9.76325573232662;24;2;23;0;12238;P020000116;2016/07/06;PLANTA CONCENTRADORA DE MINERALES GREENEX;GREENEX S.A.C.;Planta de Beneficio;20-I;18;OTROS;M;ANCASH;RECUAY;TICAPAMPA;11.67220000000;1673.14018733000;Cuenca Santa
34251;-77.4125820466032;-9.76643394386041;25;1;24;0;26684;P0000809;2009/10/05;TOMA LA MANO;CORPORACION MINERA TOMA LA MANO S.A.;Planta de Beneficio;20-I;18;OTROS;M;ANCASH;RECUAY;TICAPAMPA;71.19230000000;4785.73687430000;Cuenca Santa
34252;-77.4294338376597;-9.77363931839873;26;1;25;0;15230;P0105991;1975/04/25;QUILCAY Nº 1;MINERA HUINAC S.A.C.;Planta de Beneficio;20-H;18;OTROS;M;ANCASH;RECUAY;TICAPAMPA;28.55500000000;2882.51852688000;Cuenca Santa
34253;-77.498995735804;-9.73796571045418;27;1;26;0;21565;P020000216;2016/12/13;PLANTA DE TRATAMIENTO DE MINERALES SANTA PATRICIA;AC MIXER SOCIEDAD ANONIMA - AC MIXER S.A.;Planta de Beneficio;20-I;18;OTROS;M;ANCASH;RECUAY;RECUAY;70.43990000000;3845.18264463000;Cuenca Santa
34254;-77.5137855221103;-9.73687681082688;28;1;27;0;11824;P0000409;2009/01/03;HUANCAPETI II;MINERA VENARD S.A.C.;Planta de Beneficio;20-H;18;OTROS;M;ANCASH;RECUAY;RECUAY;16.00000000000;1600.00000000000;Cuenca Santa
34255;-77.5269431551448;-9.75484370377065;29;1;28;0;19166;P520000109;2009/01/26;HUANCAPETI 2009;COMPAÑIA MINERA LINCUNA S.A.;Planta de Beneficio;20-H;18;OTROS;M;ANCASH;AIJA /  RECUAY;AIJA /  RECUAY;154.97710000000;5134.36479809000;Cuenca Santa
34256;-77.6540752179068;-9.15791898371755;31;1;30;0;16993;P0100828;1982/12/20;NUEVA CALIFORNIA;COMPAÑIA MINERA NUEVA CALIFORNIA S.A.;Planta de Beneficio;19-H;18;OTROS;M;ANCASH;YUNGAY;YUNGAY;6.00140000000;1000.10179647000;Cuenca Santa
34257;-77.7704043171367;-9.12146939072311;32;1;31;0;19228;P520000112;2012/05/30;VIRGEN DEL ROSARIO;DENWOOD HOLDINGS PERU METALS S.A.C.;Planta de Beneficio;19-H;18;OTROS;M;ANCASH;YUNGAY;MATACOTO;7.38700000000;1058.64712616000;Cuenca Santa
34258;-77.8549639266464;-8.142119183862;33;1;32;0;9719;P0201283;1996/07/16;HUAURA;MINERA MALAGA SANTOLALLA S.A.C;Planta de Beneficio;17-H;18;OTROS;M;ANCASH;PALLASCA;PAMPAS;24.99980000000;1999.99430072000;Cuenca Santa
34259;-78.2307605321587;-9.12161487696752;2;1;1;0;4894;P020000120;2020/12/17;PLANTA DE BENEFICIO MACHETAZO;POLIMETALICOS CHIMBOTE SOCIEDAD ANONIMA CERRADA;Planta de Beneficio;19-G;17;OTROS;M;ANCASH;SANTA;NEPEÑA;37.80560000000;2822.69635656000;Cuenca Nepeña
34260;-78.2312846034424;-9.19693334661811;3;1;2;0;1272;P020000218;2018/06/21;PROYECTO PLANTA DE BENEF. DE MINERALES LAS GALIAS;ORION MINING COMERCIALIZATION SAC-ORMINCO S.A.C.;Planta de Beneficio;19-G;17;OTROS;M;ANCASH;SANTA;NEPEÑA;53.39240000000;3390.10060530000;Cuenca Nepeña
34261;-78.173470825954;-9.31658742568275;4;1;3;0;120;P020000118;2018/06/14;ALFONSO DOSJE;INVERSIONES MINERAS DE LOS ANDES S.A.C.;Planta de Beneficio;19-G;17;OTROS;M;ANCASH;CASMA;BUENA VISTA ALTA;11.79620000000;1456.81302428000;Cuenca Casma
34262;-78.2739651859994;-9.57098557444406;5;1;4;0;160;P020000618;2018/11/26;PLANTA DE BENEFICIO JAYIL;COMPAÑIA MINERA ELOHIM S.A.C.;Planta de Beneficio;20-G;17;OTROS;M;ANCASH;CASMA;CASMA;26.66520000000;2087.64155368000;Cuenca Casma
34263;-78.2955243710878;-9.59426086053804;6;1;5;0;132;P020000718;2018/12/08;PLANTA DE BENEFICIO LAS LOMAS DE CASMA;ANDIMETAL S.A.C;Planta de Beneficio;20-G;17;OTROS;M;ANCASH;CASMA;CASMA;9.05160000000;1327.25163253000;Cuenca Casma
34264;-77.7300507674869;-9.59287785797762;30;1;29;0;9951;P0100161;1996/03/06;ADRIANA;MINERA SHUNTUR S.A.C.;Planta de Beneficio;20-H;18;OTROS;M;ANCASH;HUARAZ;PIRA /  LA LIBERTAD;78.41600000000;3632.43176625000;Cuenca Casma
34265;-78.078179143375;-9.97663267927657;9;1;8;0;114;P020000518;2018/11/13;PLANTA BENEFICIO JONAS UNO;ESTANISLAO BENEDICTO SANTOYO ROJAS;Planta de Beneficio;20-G;17;OTROS;M;ANCASH;HUARMEY;HUARMEY;22.40200000000;2180.40489300000;Cuenca Huarmey
34266;-77.0934590204249;-9.95551608952213;15;1;14;0;24260;P0100118;1983/10/04;PACHAPAQUI;ICM PACHAPAQUI S.A.C.;Planta de Beneficio;20-I;18;OTROS;M;ANCASH;BOLOGNESI;AQUIA;76.05150000000;5063.11736072000;Cuenca Pativilca
34267;-77.0770116447162;-9.93044443345367;16;1;15;0;27432;P520000210;2010/10/25;BERTHA;SOCIEDAD MINERA AQUIA S.A.C.;Planta de Beneficio;20-I;18;OTROS;M;ANCASH;BOLOGNESI;AQUIA;52.72020000000;3066.31406348000;Cuenca Pativilca
34268;-77.0261080001236;-9.87915378675408;17;1;16;0;16572;P0100315;1987/07/21;CONCENTRADORA HUANZALA;COMPAÑIA MINERA SANTA LUISA S.A.;Planta de Beneficio;20-J;18;OTROS;M;ANCASH;BOLOGNESI;HUALLANCA;145.00050000000;6599.98979657000;Intercuenca Alto Marañón V
34269;-77.0025046793449;-9.87290564664464;18;1;17;0;16572;P0100315;1987/07/21;CONCENTRADORA HUANZALA;COMPAÑIA MINERA SANTA LUISA S.A.;Planta de Beneficio;20-J;18;OTROS;M;ANCASH;BOLOGNESI;HUALLANCA;145.00050000000;6599.98979657000;Intercuenca Alto Marañón V
34270;-77.0862473732364;-9.8108026630605;19;1;18;0;24330;P0100094;1997/01/31;DON FROYLAN;MINERA HUALLANCA S.A.C.;Planta de Beneficio;20-I;18;OTROS;M;ANCASH;BOLOGNESI;HUALLANCA;27.28000000000;2170.13503505000;Intercuenca Alto Marañón V
34271;-77.0339805282765;-9.55580261664001;20;1;19;0;10950;P0103988;1999/05/04;HUINCUSH;COMPAÑIA MINERA ANTAMINA S.A.;Planta de Beneficio;20-I;18;OTROS;M;ANCASH;HUARI;SAN MARCOS;1050.11290000000;13875.31436650000;Intercuenca Alto Marañón V
34272;-77.0767306787345;-9.50656946400981;21;1;20;0;10183;P0000505;2005/11/28;CONTONGA;NORCOBRE S.A.C.;Planta de Beneficio;19-I;18;OTROS;M;ANCASH;HUARI;SAN MARCOS;65.45520000000;5225.64715632000;Intercuenca Alto Marañón V
