ID_registro;X;Y;N°;RUC;Administra;UF;Actividad;Coord_este;Coord_nort;Zona;DISTRITO;PROVINCIA
40703;-77.453204115362;-9.83824433463904;9;20524228500;FUDA MINING S.A;Puyobamba;Exploración;230930;8911487;18;CATAC;RECUAY
40704;-77.5231182524959;-9.75374552496306;10;20458538700;"COMPAÑIA MINERA
LINCUNA S.A.";Huancapeti;Explotación;223187;8920781;18;RECUAY;RECUAY
40705;-77.5850396730027;-9.44623681531759;11;20607441100;"MINERA BARRICK
PERU S.A.";Pierina;Explotación;216133;8954761;18;JANGAS;HUARAZ
40706;-77.7949512399583;-8.16015291296374;12;20511245000;MINERA QUILCA S.A.C.;Pushaquilca;Exploración;192002;9096930;18;PAMPAS;PALLASCA
40707;-77.4005129125932;-9.994133237543;13;20522922800;"BLUE DOME
EXPLORACIONES
SOCIEDAD ANONIMA
CERRADA";Don Marcelo;Exploración;236837;8894279;18;CATAC;RECUAY
40708;-77.7203108898572;-8.58807954587807;14;20262850500;"MINERA PEÑOLES DE
PERU S.A.";Pucajirca;Exploración;200561;9049626;18;CUSCA;CORONGO
40709;-77.9797769813549;-8.7908316599365;15;20254300200;TECK PERU S.A.;Pashpap;Exploración;172153;9026969;18;HUALLANCA;HUAYLAS
40710;-77.0818294412046;-9.50178915379738;16;20332908000;"EMPRESA MINERA
LOS QUENUALES S.A.";"Pasivos
Ambientales
Mineros del
Antiguo
Depósito de
Relaves
Contonga";Beneficio;271454;8948985;18;SAN MARCOS;HUARI
40711;-77.6704897367718;-8.61665611176063;17;20262850500;"MINERA PEÑOLES DE
PERU S.A.";Racaycocha;Exploración;206071;9046502;18;CASHAPAMPA;SIHUAS
40712;-76.9776984891519;-10.2053452348106;18;20100120300;"CIA MINERA SANTA
LUISA S A";Berlin;Exploración;283350;8871221;18;PACLLON;BOLOGNESI
40713;-77.5430866337599;-10.0799207591543;19;20100110500;"NEXA RESOURCES
PERU S.A.A.";"Proyecto de
exploración
Huacllon";Exploración;221271;8884668;18;HUAYLLAPAMPA;RECUAY
40714;-77.972681621374;-8.31076128832944;20;20601402800;"COMPAÑÍA MINERA
ELORO PERU S.A.C.";Victoria;Exploración;172524;9080118;18;HUANDOVAL;PALLASCA
40715;-77.8385985471698;-9.79983090696345;21;20100110500;"NEXA RESOURCES
PERU S.A.A.";Los Perdidos;Exploración;188593;8915405;18;CORIS;AIJA
40716;-77.6748213919902;-9.41055228056779;22;20100110500;"NEXA RESOURCES
PERU S.A.A.";Huarangayoc;Exploración;206237;8958636;18;YUNGAR;CARHUAZ
40717;-77.6678179481771;-9.71325786167677;23;20607441100;"MINERA BARRICK
PERU S.A.";Libélula;Exploración;207266;8925140;18;LA MERCED;AIJA
40718;-77.3688052033003;-8.82922562536365;24;20100110500;"NEXA RESOURCES
PERU S.A.A.";Coriminas;Exploración;239443;9023201;18;CASCA;MARISCAL LUZURIAGA
40719;-77.7199203379402;-8.548479733529;25;20524860900;"CORONGO
EXPLORACIONES
SOCIEDAD ANONIMA
CERRADA";Corongo;Exploración;200573;9054009;18;CUSCA;CORONGO
40720;-77.9906547422983;-8.23467246831977;26;20473955900;"BEAR CREEK MINING
COMPANY,SUCURSAL
DEL PERU";El Abuelo;Exploración;170479;9088526;18;PALLASCA;PALLASCA
40721;-77.8413919845939;-9.1217765998838;27;20114213900;"CIA. MINERA EL
FERROL S.A.C.";El Ferrol n°27;Exploración;187674;8990456;18;PUEBLO LIBRE;HUAYLAS
40722;-77.778515567885;-9.6228973698074;28;20473955900;"BEAR CREEK MINING
COMPANY,SUCURSAL
DEL PERU";Antash;Exploración;195029;8935044;18;LA LIBERTAD;HUARAZ
40723;-77.8079432924765;-8.16249340999532;29;20103030800;"ACTIVOS MINEROS
S.A.C.";"Pasivos
Ambientales
Mineros de la
Ex Unidad
Minera
Pushaquilca";Cierre de PAM;190571;9096661;18;PAMPAS;PALLASCA
40724;-77.4311892395493;-10.7128443185601;30;20521560200;"BLACK SWAN
MINERALS S.A.C.";Bambi;Exploración;234079;8814722;18;COCHAS;OCROS
40725;-77.8945013587591;-8.41561160518417;31;20538424000;"OBAN SOCIEDAD
ANONIMA CERRADA";Chosicano;Exploración;181229;9068576;18;CABANA;PALLASCA
40726;-77.7842163157124;-8.14722528415892;32;20254300200;TECK PERU S.A.;Gatito;Exploración;193176;9098369;18;PAMPAS;PALLASCA
40727;-76.9675373423882;-9.92602288620295;33;20100120300;"CIA MINERA SANTA
LUISA S A";Matash;Exploración;284278;8902128;18;HUALLANCA;BOLOGNESI
40728;-77.0096550092794;-9.9835162159035;34;20100110500;"NEXA RESOURCES
PERU S.A.A.";Hilarión;Exploración;279697;8895740;18;HUALLANCA;BOLOGNESI
40729;-77.5591966297028;-10.0785402565269;35;20100110500;"NEXA RESOURCES
PERU S.A.A.";Vanessa;Exploración;219503;8884807;18;HUAYLLAPAMPA;RECUAY
40730;-77.8403134744066;-9.44722924430856;36;20505603000;"RELIANT VENTURES
S.A.C.";Bonita;Exploración;188081;8954433;18;COCHABAMBA;HUARAZ
40731;-77.039938192248;-9.9645126814178;37;20100110500;"NEXA RESOURCES
PERU S.A.A.";El Padrino;Exploración;276363;8897822;18;AQUIA;BOLOGNESI
40732;-77.7853647533028;-10.0173895295481;38;20100110500;"NEXA RESOURCES
PERU S.A.A.";Guadalupe;Exploración;194639;8891373;18;HUARMEY;HUARMEY
40733;-77.4808084182617;-9.80945993201183;39;20458538700;"COMPAÑIA MINERA
LINCUNA S.A.";"Pasivos
Ambientales
Mineros de la
Unidad Minera
Lincuna Tres";Cierre de PAM;227877;8914650;18;TICAPAMPA;RECUAY
40734;-77.3855397745182;-9.33061334795004;40;20100116800;"COMPAÑIA MINERA
VALOR S.A. EN
LIQUIDACION";Arequipa M;Exploración;237966;8967711;18;SAN MIGUEL DE ACO;CARHUAZ
40735;-77.8418056171927;-10.0835011314322;41;20563348600;"HUARMY COLOSAL
S.A.C.";Coloso;Exploración;188510;8884002;18;HUARMEY;HUARMEY
40736;-77.584568330904;-9.50727907427191;42;20547345100;"CORPORACION
MINERA AURILLAC
S.A.C.";César Jesús;Exploración;216235;8948006;18;INDEPENDENCIA;HUARAZ
40737;-77.568375096747;-9.75527783596668;43;20601810300;"CHAKANA
RESOURCES S.A.C.";Soledad;Exploración;218220;8920574;18;AIJA;AIJA
40738;-76.967965044064;-10.0276247907729;44;20100120300;"CIA MINERA SANTA
LUISA S A";Atalaya;Exploración;284298;8890888;18;HUALLANCA;BOLOGNESI
40739;-77.004333278141;-9.87324983098904;45;20100120300;"CIA MINERA SANTA
LUISA S A";Huanzala;Beneficio;280207;8907942;18;HUALLANCA;BOLOGNESI
40740;-77.0645219326896;-9.54297517805021;46;20330262400;"COMPANIA MINERA
ANTAMINA S.A";Antamina;Explotación;273382;8944440;18;SAN MARCOS;HUARI
40741;-77.1057342045729;-9.81883182639936;47;20383161300;"NYRSTAR ANCASH
S.A.";Pucarrajo;Explotación;269045;8913894;18;SAN MARCOS;HUARI
40742;-77.494378227862;-9.77455149278523;48;20458538700;"COMPAÑIA MINERA
LINCUNA S.A.";"Pasivos
Ambientales
Mineros de la
Unidad Minera
Lincuna Dos";Cierre de PAM;226359;8918502;18;TICAPAMPA;RECUAY
40743;-77.5182377315066;-9.72973571178718;49;20458538700;"COMPAÑIA MINERA
LINCUNA S.A.";"Pasivos
Ambientales
Mineros de la
Unidad Minera
Lincuna Uno";Cierre de PAM;223703;8923442;18;RECUAY;RECUAY
40744;-77.9504096296447;-9.12639110920365;50;20383161300;"NYRSTAR ANCASH
S.A.";Colquipocro;Exploración;175685;8989849;18;PAMPAROMAS;HUAYLAS
40745;-77.0672173012935;-9.52027073145929;51;20330262400;"COMPANIA MINERA
ANTAMINA S.A";Condorcocha;Exploración;273071;8946950;18;SAN MARCOS;HUARI
40746;-77.597675810072;-9.48800743277655;52;20209133400;"MINERA BOROO
MISQUICHILCA S.A.";Condorhuain;Exploración;214779;8950128;18;INDEPENDENCIA;HUARAZ
40747;-77.4249736729933;-9.86928227411209;53;20512169100;"GOLD MOUNTAIN
EXPLORACIONES
S.A.C. EN
LIQUIDACION";Los Chulos;Exploración;234053;8908075;18;CATAC;RECUAY
40748;-77.5564035115249;-9.79669926283355;54;20100079500;"COMPAÑIA DE MINAS
BUENAVENTURA
S.A.A.";Pisqahuanca;Cierre de PAM;219569;8916000;18;AIJA;AIJA
40749;-77.8548652591;-8.31896979873776;55;20517604800;IAMGOLD PERU S.A.;Conchucos;Exploración;185520;9079305;18;CONCHUCOS;PALLASCA
40750;-77.0719934025683;-9.49382079189069;56;20608945300;NORCOBRE S.A.C.;Contonga;Beneficio;272529;8949873;18;SAN MARCOS;HUARI
40751;-77.6797261812272;-9.74589074262415;57;20607441100;"MINERA BARRICK
PERU S.A.";La Merced;Exploración;205987;8921518;18;HUACLLAN;AIJA
40752;-77.523662697609;-10.4320193201161;58;20535808700;"COPPERNICO
EXPLORACIONES
S.A.C.";Coppérnico;Exploración;223707;8845719;18;SAN PEDRO;OCROS
40753;-77.4017936277165;-10.4571143525511;59;20517365100;"FERROALUMINIOS
PERU N° 4 S.A.C.";Ocros;Exploración;237078;8843046;18;SANTIAGO DE CHILCAS;OCROS
40754;-77.1905404385373;-10.5352068823043;60;20551513800;"ELIDA RESOURCES
S.A.C.";Elida;Exploración;260275;8834574;18;CARHUAPAMPA;OCROS
40755;-77.0935329064455;-9.95592840984057;61;20512208100;"ICM PACHAPAQUI
S.A.C.";Pachapaqui;Explotación;270479;8898735;18;AQUIA;BOLOGNESI
40756;-77.5031113100623;-10.5225700880202;62;20548161000;"INVERSIONES
ESTUDIOS Y
DESARROLLO S.A.C.";María José;Exploración;226038;8835716;18;SAN PEDRO;OCROS
40757;-77.0227315704909;-10.0951619150655;63;20101032200;"MITSUI MINING &
SMELTING CO., LTD.
SUCURSAL DEL PERU";Cóndor;Exploración;278339;8883380;18;HUASTA;BOLOGNESI
40758;-77.666076267458;-8.58277517373742;64;20262850500;"MINERA PEÑOLES DE
PERU S.A.";El Águila;Exploración;206531;9050255;18;CASHAPAMPA;SIHUAS
40759;-77.7174089651265;-8.47172245469942;65;20548161000;"INVERSIONES
ESTUDIOS Y
DESARROLLO S.A.C.";Carito;Exploración;200790;9062506;18;RAGASH;SIHUAS
40760;-77.7977041303989;-9.40561448508879;66;20505603000;"RELIANT VENTURES
S.A.C.";San Luis;Exploración;192727;8959077;18;SHUPLUY;YUNGAY
40761;-77.7747786034251;-8.2194724331854;67;20100110500;"NEXA RESOURCES
PERU S.A.A.";Magistral;Exploración;194272;9090380;18;CONCHUCOS;PALLASCA
40762;-77.9241467460242;-9.19052639804153;68;20549210600;"SMC TOROPUNTO LTD
- SUCURSAL DEL
PERÚ";Toropunto;Exploración;178632;8982773;18;PAMPAROMAS;HUAYLAS
40763;-77.9976974748278;-8.30145869627225;69;20144968700;MINERA CHIMU S.A.C.;Chimú;Exploración;169758;9081127;18;HUACASCHUQUE;PALLASCA
40764;-77.018605221029;-9.93982046484729;70;20100110500;"NEXA RESOURCES
PERU S.A.A.";Azulmina;Exploración;278686;8900568;18;HUALLANCA;BOLOGNESI
40765;-77.9226011852302;-8.7548641132927;71;20506363500;"LUMINA COPPER
S.A.C.";"Pashpap - San
Pedro";Exploración;178418;9031000;18;HUALLANCA;HUAYLAS
40766;-77.6320536053661;-10.4314066893139;72;20100108300;ALPAYANA S.A.;Antarumi;Exploración;211832;8845690;18;SAN PEDRO;OCROS
40767;-77.6349873286642;-9.75522086833477;73;20536270100;DARWIN PERU S.A.C.;Rurimarac;Exploración;210907;8920524;18;LA MERCED;AIJA
40768;-76.9632256136365;-10.1978394871175;74;20100120300;"CIA MINERA SANTA
LUISA S A";Pallca;Beneficio;284931;8872061;18;PACLLON;BOLOGNESI
40769;-77.3271576585999;-10.4047635521329;75;20492056000;"VALE EXPLORATION
PERU S.A.C.";Umami;Exploración;245210;8848900;18;SANTIAGO DE CHILCAS;OCROS
40770;-77.9106263759969;-9.19593861968096;76;20606807300;"MINERA MARIA
CECILIA LTD. -SUCURSAL PERU";"María Cecilia
Dos";Exploración;180124;8982186;18;PAMPAROMAS;HUAYLAS
40771;-77.0916903911893;-9.20330215001707;77;20254300200;TECK PERU S.A.;Antamayo;Exploración;270175;8982000;18;CAJAY;HUARI
40772;-78.1360042844033;-8.80958199827394;1;20207167600;"MINERA ANACONDA
PERU S.A.";Loma Colorada;Exploración;815082;9024993;17;MACATE;SANTA
40773;-78.0785162194325;-8.81969106254969;2;20605586500;"PERU FORTESCUE
S.A.C.";Yananta;Exploración;821403;9023825;17;MACATE;SANTA
40774;-78.3190472959391;-8.76152532199892;3;20511687100;"MINERA CUERVO
SOCIEDAD ANONIMA
CERRADA";La Gringa Ga;Exploración;794968;9030461;17;CHIMBOTE;SANTA
40775;-78.077860725557;-8.33943967626948;4;20517604800;IAMGOLD PERU S.A.;Esperanza;Exploración;821880;9076985;17;BOLOGNESI;PALLASCA
40776;-78.0112702811205;-8.89311778399339;5;20100108300;ALPAYANA S.A.;Chavín;Exploración;828742;9015638;17;CACERES DEL PERU;SANTA
40777;-78.0744444601741;-8.28272584923266;6;20517515600;"NORMA MINES PERU
S.A.";Tablachaca;Explotación;822303;9083260;17;PALLASCA;PALLASCA
40778;-78.1796271811065;-10.1022863935321;7;20330262400;"COMPANIA MINERA
ANTAMINA S.A";"Planta de
Filtrado de
Huarmey";Almacenamiento;809121;8881943;17;HUARMEY;HUARMEY
40779;-78.0040919073392;-8.35472455875381;8;20473955900;"BEAR CREEK MINING
COMPANY,SUCURSAL
DEL PERU";Campanario;Exploración;830000;9075232;17;BOLOGNESI;PALLASCA
