ID_registro;X;Y;P;PROVINCIA;DISTRITO;ALIMENTO;CONTAMINAN;RESULTADO;COND_AN;ESTE;NORTE;ZONA
40780;-77.3851428836123;-9.15415904845356;1.000000;ASUNCION;ACOCHACA;PAPA;ARSENICO;0.023;SIN PARAMETRO;237879.000000;8987236.000000;18
40781;-77.5751034115316;-10.260091583852;2.000000;BOLOGNESI;COLQUIOC;TOMATE;CADMIO;<0.026;EXCEDE LMP;217918.000000;8864701.000000;18
40782;-77.5785099065383;-10.2630107504023;3.000000;BOLOGNESI;COLQUIOC;MANZANA;ARSENICO;<0.012;SIN PARAMETRO;217547.200000;8864374.940000;18
40783;-77.9883600256266;-9.50750356920373;15.000000;CASMA;YAUTAN;NARANJA;ARSENICO;<0.012;SIN PARAMETRO;171866.400000;8947624.450000;18
40784;-77.9495862049089;-9.5385804018666;16.000000;CASMA;YAUTAN;PALTA;ARSENICO;<0.012;SIN PARAMETRO;176156.850000;8944220.750000;18
40785;-77.9870883222448;-9.49402878642181;18.000000;CASMA;YAUTAN;PALTA;ARSENICO;0.019;SIN PARAMETRO;171993.310000;8949117.360000;18
40786;-77.5309410216102;-9.52673199296088;20.000000;HUARAZ;HUARAZ;CAMOTE;ARSENICO;0.024;SIN PARAMETRO;222142.270000;8945896.750000;18
40787;-77.852008853041;-9.94506686609302;29.000000;HUARMEY;HUARMEY;TOMATE;CADMIO;0.036;EXCEDE LMP;187258.000000;8899316.000000;18
40788;-77.7686112078134;-9.884350494815;30.000000;HUARMEY;HUARMEY;TOMATE;CADMIO;0.06;EXCEDE LMP;196354.000000;8906114.000000;18
40789;-77.9206354018309;-10.0109427091764;31.000000;HUARMEY;HUARMEY;ESPARRAGO;ARSENICO;0.015;SIN PARAMETRO;179791.000000;8891958.000000;18
40790;-77.9215708272773;-10.008540620273;32.000000;HUARMEY;HUARMEY;ESPARRAGO;ARSENICO;0.013;SIN PARAMETRO;179686.000000;8892223.000000;18
40791;-77.9976340606437;-10.0100310658106;33.000000;HUARMEY;HUARMEY;ESPARRAGO;ARSENICO;<0.011;SIN PARAMETRO;171341.000000;8891983.000000;18
40792;-77.7770103371136;-9.9639693936731;40.000000;HUARMEY;HUARMEY;MARACUYA;ARSENICO;<0.012;SIN PARAMETRO;195505.820000;8897293.630000;18
40793;-77.4305523520848;-8.81221085392782;41.000000;MARISCAL LUZURIAGA;CASCA;PAPA;ARSENICO;<0.013;SIN PARAMETRO;232635.000000;9025040.000000;18
40794;-77.4832858537557;-8.79345761979645;42.000000;POMABAMBA;POMABAMBA;HABA;ARSENICO;<0.014;SIN PARAMETRO;226817.000000;9027077.000000;18
40795;-77.7073714339827;-9.17649026348766;80.000000;YUNGAY;RANRAHIRCA;MELOCOTON;ARSENICO;<0.017;SIN PARAMETRO;202461.830000;8984513.760000;18
40796;-77.7113965572676;-9.16797292180758;81.000000;YUNGAY;RANRAHIRCA;MELOCOTON;ARSENICO;<0.017;SIN PARAMETRO;202012.040000;8985453.090000;18
40797;-77.7113699109912;-9.16649927832738;82.000000;YUNGAY;RANRAHIRCA;MELOCOTON;ARSENICO;<0.017;SIN PARAMETRO;202013.740000;8985616.210000;18
40798;-77.736559533553;-9.1703377877045;83.000000;YUNGAY;RANRAHIRCA;MAIZ CHOCLO;ARSENICO;<0.014;SIN PARAMETRO;199246.570000;8985170.370000;18
40799;-78.1103601874352;-9.33592537619372;4.000000;CASMA;BUENA VISTA ALTA;MANZANA;ARSENICO;<0.012;SIN PARAMETRO;817441.770000;8966709.110000;17
40800;-78.1114723992766;-9.33601256399103;5.000000;CASMA;BUENA VISTA ALTA;MANZANA;ARSENICO;<0.012;SIN PARAMETRO;817319.410000;8966700.460000;17
40801;-78.1761862362379;-9.38422379847488;6.000000;CASMA;BUENA VISTA ALTA;UVA;ARSENICO;<0.012;SIN PARAMETRO;810161.900000;8961421.660000;17
40802;-78.1141611387137;-9.33413420533101;7.000000;CASMA;BUENA VISTA ALTA;MANZANA;ARSENICO;<0.012;SIN PARAMETRO;817025.500000;8966910.800000;17
40803;-78.1192146086879;-9.33734488500749;8.000000;CASMA;BUENA VISTA ALTA;MANZANA;ARSENICO;<0.012;SIN PARAMETRO;816467.000000;8966559.940000;17
40804;-78.2321137657274;-9.45543831390257;9.000000;CASMA;BUENA VISTA ALTA;PALTA;ARSENICO;0.025;SIN PARAMETRO;803951.960000;8953588.390000;17
40805;-78.2321137657274;-9.45543831390257;10.000000;CASMA;BUENA VISTA ALTA;PALTA;CADMIO;0.067;EXCEDE LMP;803951.960000;8953588.390000;17
40806;-78.2513366308738;-9.49867105797025;11.000000;CASMA;CASMA;PAPRIKA;ARSENICO;0.107;SIN PARAMETRO;801801.650000;8948820.050000;17
40807;-78.2513366308738;-9.49867105797025;12.000000;CASMA;CASMA;PAPRIKA;CADMIO;0.29;EXCEDE LMP;801801.650000;8948820.050000;17
40808;-78.2513366308738;-9.49867105797025;13.000000;CASMA;CASMA;PAPRIKA;PLOMO;0.099;EXCEDE LMP;801801.650000;8948820.050000;17
40809;-78.3199711750536;-9.46505973558928;14.000000;CASMA;COMANDANTE NOEL;ESPARRAGO;ARSENICO;<0.011;SIN PARAMETRO;794289.000000;8952599.000000;17
40810;-78.052226007209;-9.53050514226096;17.000000;CASMA;YAUTAN;MANGO;ARSENICO;<0.012;SIN PARAMETRO;823651.640000;8945116.380000;17
40811;-78.052226007209;-9.53050514226096;19.000000;CASMA;YAUTAN;PALTA;ARSENICO;<0.012;SIN PARAMETRO;823651.640000;8945116.380000;17
40812;-78.1852141936759;-9.91584129885965;21.000000;HUARMEY;CULEBRAS;ESPARRAGO;ARSENICO;<0.025;SIN PARAMETRO;808684.540000;8902585.880000;17
40813;-78.0912675635418;-9.86770236504235;22.000000;HUARMEY;CULEBRAS;ESPARRAGO;ARSENICO;<0.025;SIN PARAMETRO;819042.000000;8907826.000000;17
40814;-78.1042950196954;-9.87723052238515;23.000000;HUARMEY;CULEBRAS;ESPARRAGO;ARSENICO;<0.025;SIN PARAMETRO;817602.790000;8906783.690000;17
40815;-78.0930688619739;-9.86766624223626;24.000000;HUARMEY;CULEBRAS;ESPARRAGO;ARSENICO;<0.025;SIN PARAMETRO;818844.300000;8907831.720000;17
40816;-78.1902142946043;-9.92309154045246;25.000000;HUARMEY;CULEBRAS;MARACUYA;ARSENICO;0.02;SIN PARAMETRO;808129.000000;8901788.000000;17
40817;-78.0592876321076;-9.85055019684189;26.000000;HUARMEY;CULEBRAS;MARACUYA;ARSENICO;0.013;SIN PARAMETRO;822569.300000;8909694.020000;17
40818;-78.0592876321076;-9.85055019684189;27.000000;HUARMEY;CULEBRAS;MARACUYA;CADMIO;0.095;EXCEDE LMP;822569.300000;8909694.020000;17
40819;-78.1237096378687;-10.0679352562336;28.000000;HUARMEY;HUARMEY;UVA;ARSENICO;<0.015;SIN PARAMETRO;815288.000000;8885692.000000;17
40820;-78.0370814360736;-10.0226546314255;34.000000;HUARMEY;HUARMEY;ESPARRAGO;ARSENICO;0.016;SIN PARAMETRO;824837.000000;8890620.000000;17
40821;-78.0568455204299;-10.0129300330554;35.000000;HUARMEY;HUARMEY;ESPARRAGO;ARSENICO;<0.025;SIN PARAMETRO;822678.000000;8891716.000000;17
40822;-78.0408753134139;-10.0213606098044;36.000000;HUARMEY;HUARMEY;ESPARRAGO;ARSENICO;<0.025;SIN PARAMETRO;824422.000000;8890767.000000;17
40823;-78.1534055620029;-10.0734411622502;37.000000;HUARMEY;HUARMEY;ESPARRAGO;ARSENICO;<0.025;SIN PARAMETRO;812025.000000;8885111.000000;17
40824;-78.154289215503;-10.0849309799307;38.000000;HUARMEY;HUARMEY;ESPARRAGO;ARSENICO;<0.025;SIN PARAMETRO;811917.000000;8883840.000000;17
40825;-78.1559894629471;-10.0781701397308;39.000000;HUARMEY;HUARMEY;ESPARRAGO;ARSENICO;<0.025;SIN PARAMETRO;811737.000000;8884590.000000;17
40826;-78.5497925533671;-8.7807298103472;44.000000;SANTA;CHIMBOTE;TOMATE;CADMIO;<0.026;EXCEDE LMP;769551.150000;9028509.350000;17
40827;-78.551010288007;-8.84915813919912;45.000000;SANTA;CHIMBOTE;TOMATE;CADMIO;<0.026;EXCEDE LMP;769367.480000;9020938.420000;17
40828;-78.551010288007;-8.84915813919912;46.000000;SANTA;CHIMBOTE;TOMATE;CADMIO;0.032;EXCEDE LMP;769367.480000;9020938.420000;17
40829;-78.5497938952354;-8.78073298210763;47.000000;SANTA;CHIMBOTE;TOMATE;CADMIO;0.033;EXCEDE LMP;769551.000000;9028509.000000;17
40830;-78.5503954727445;-8.7804296237758;48.000000;SANTA;CHIMBOTE;TOMATE;CADMIO;0.037;EXCEDE LMP;769485.000000;9028543.000000;17
40831;-78.5585566948503;-8.85809344910704;49.000000;SANTA;CHIMBOTE;TOMATE;CADMIO;<0.026;EXCEDE LMP;768530.470000;9019955.160000;17
40832;-78.5340807286587;-8.94101242632316;50.000000;SANTA;CHIMBOTE;MARACUYA;ARSENICO;0.025;SIN PARAMETRO;771163.000000;9010762.000000;17
40833;-78.4681004980801;-8.95931849815876;51.000000;SANTA;CHIMBOTE;ESPARRAGO;ARSENICO;0.012;SIN PARAMETRO;778409.000000;9008687.000000;17
40834;-78.5117249843711;-8.95973608512239;52.000000;SANTA;CHIMBOTE;ESPARRAGO;ARSENICO;0.029;SIN PARAMETRO;773608.800000;9008673.560000;17
40835;-78.4748550863549;-8.96957615172704;53.000000;SANTA;CHIMBOTE;ESPARRAGO;ARSENICO;0.066;SIN PARAMETRO;777658.000000;9007557.000000;17
40836;-78.5230006190626;-8.95866011324849;54.000000;SANTA;CHIMBOTE;MARACUYA;ARSENICO;0.03;SIN PARAMETRO;772369.000000;9008801.000000;17
40837;-78.4687551181025;-8.95665716598289;55.000000;SANTA;CHIMBOTE;ESPARRAGO;ARSENICO;0.012;SIN PARAMETRO;778339.000000;9008982.000000;17
40838;-78.5571629820273;-9.10324256504934;56.000000;SANTA;CHIMBOTE;MARACUYA;ARSENICO;<0.012;SIN PARAMETRO;768503.200000;8992827.570000;17
40839;-78.4689197030056;-8.95651370572376;57.000000;SANTA;CHIMBOTE;ESPARRAGO;ARSENICO;0.04;SIN PARAMETRO;778321.000000;9008998.000000;17
40840;-78.4764855722355;-8.95984572563092;58.000000;SANTA;CHIMBOTE;ESPARRAGO;ARSENICO;0.017;SIN PARAMETRO;777486.000000;9008635.000000;17
40841;-78.5242913064723;-8.93041900238298;59.000000;SANTA;CHIMBOTE;ESPARRAGO;ARSENICO;0.029;SIN PARAMETRO;772248.000000;9011927.000000;17
40842;-78.5331416159973;-8.95224831030223;60.000000;SANTA;CHIMBOTE;ESPARRAGO;ARSENICO;0.062;SIN PARAMETRO;771258.000000;9009518.000000;17
40843;-78.5191691485738;-8.93258077253171;61.000000;SANTA;CHIMBOTE;ESPARRAGO;ARSENICO;0.027;SIN PARAMETRO;772810.000000;9011684.000000;17
40844;-78.4807361101076;-9.09269898544762;62.000000;SANTA;NUEVO CHIMBOTE;TOMATE;CADMIO;<0.026;EXCEDE LMP;776916.840000;8993936.700000;17
40845;-78.4316918830016;-9.09419212227054;63.000000;SANTA;NUEVO CHIMBOTE;TOMATE;CADMIO;<0.026;EXCEDE LMP;782310.020000;8993733.590000;17
40846;-78.4240770848043;-9.09874319238648;64.000000;SANTA;NUEVO CHIMBOTE;FREJOL;ARSENICO;0.028;SIN PARAMETRO;783144.000000;8993224.000000;17
40847;-78.4604520936676;-9.08734144047514;65.000000;SANTA;NUEVO CHIMBOTE;MARACUYA;ARSENICO;0.022;SIN PARAMETRO;779152.000000;8994514.000000;17
40848;-78.4186742292237;-9.10414477884574;66.000000;SANTA;NUEVO CHIMBOTE;PAPRIKA;ARSENICO;0.122;SIN PARAMETRO;783734.000000;8992622.000000;17
40849;-78.4186742292237;-9.10414477884574;67.000000;SANTA;NUEVO CHIMBOTE;PAPRIKA;PLOMO;0.191;EXCEDE LMP;783734.000000;8992622.000000;17
40850;-78.4186015070283;-9.09907491983816;68.000000;SANTA;NUEVO CHIMBOTE;PAPRIKA;ARSENICO;0.113;SIN PARAMETRO;783746.000000;8993183.000000;17
40851;-78.4186015070283;-9.09907491983816;69.000000;SANTA;NUEVO CHIMBOTE;PAPRIKA;PLOMO;0.308;EXCEDE LMP;783746.000000;8993183.000000;17
40852;-78.4218626574493;-9.10199866258549;70.000000;SANTA;NUEVO CHIMBOTE;PAPRIKA;ARSENICO;0.146;SIN PARAMETRO;783385.000000;8992862.000000;17
40853;-78.4218626574493;-9.10199866258549;71.000000;SANTA;NUEVO CHIMBOTE;PAPRIKA;PLOMO;0.207;EXCEDE LMP;783385.000000;8992862.000000;17
40854;-78.4244723870784;-9.10448403954726;72.000000;SANTA;NUEVO CHIMBOTE;PAPRIKA;ARSENICO;0.109;SIN PARAMETRO;783096.000000;8992589.000000;17
40855;-78.4244723870784;-9.10448403954726;73.000000;SANTA;NUEVO CHIMBOTE;PAPRIKA;PLOMO;0.21;EXCEDE LMP;783096.000000;8992589.000000;17
40856;-78.4306233227734;-9.09744300705414;74.000000;SANTA;NUEVO CHIMBOTE;PAPRIKA;ARSENICO;0.079;SIN PARAMETRO;782425.000000;8993373.000000;17
40857;-78.4306233227734;-9.09744300705414;75.000000;SANTA;NUEVO CHIMBOTE;PAPRIKA;PLOMO;0.288;EXCEDE LMP;782425.000000;8993373.000000;17
40858;-78.4426596398814;-9.08992805325668;76.000000;SANTA;NUEVO CHIMBOTE;PAPRIKA;ARSENICO;0.066;SIN PARAMETRO;781107.000000;8994214.000000;17
40859;-78.4426596398814;-9.08992805325668;77.000000;SANTA;NUEVO CHIMBOTE;PAPRIKA;PLOMO;0.13;EXCEDE LMP;781107.000000;8994214.000000;17
40860;-78.5359410115429;-9.12599446167989;78.000000;SANTA;NUEVO CHIMBOTE;MARACUYA;CADMIO;0.061;EXCEDE LMP;770820.010000;8990294.120000;17
40861;-78.6015324543998;-8.95974714844861;79.000000;SANTA;SANTA;ZANAHORIA;ARSENICO;0.096;SIN PARAMETRO;763728.000000;9008738.000000;17
40862;-77.6498219332582;-9.8234499710361;1.000000;AIJA;SUCCHA;CARNE DE BOVINO;ARSENICO;<0.027;SIN PARAMETRO;209337.770000;8912960.050000;18
40863;-77.6498219332582;-9.8234499710361;2.000000;AIJA;SUCCHA;CARNE DE BOVINO;ARSENICO;<0.027;SIN PARAMETRO;209337.770000;8912960.050000;18
40864;-77.5412003876464;-10.1699492632018;3.000000;BOLOGNESI;ANTONIO RAYMONDI;TOMATE;ARSENICO;0.013;SIN PARAMETRO;221555.600000;8874706.410000;18
40865;-77.5412529096809;-10.1737173544836;4.000000;BOLOGNESI;ANTONIO RAYMONDI;TOMATE;ARSENICO;<0.008;SIN PARAMETRO;221553.110000;8874289.360000;18
40866;-77.6674174602418;-9.27110813422674;5.000000;CARHUAZ;TINCO;MOLOCOTON;ARSENICO;<0.025;SIN PARAMETRO;206934.000000;8974075.000000;18
40867;-77.5241528076128;-9.52676992908646;8.000000;HUARAZ;HUARAZ;MARACUYA;ARSENICO;<0.025;SIN PARAMETRO;222888.000000;8945898.000000;18
40868;-77.7916929170494;-9.06707311051389;21.000000;HUAYLAS;CARAZ;PALTA;ARSENICO;0.076;SIN PARAMETRO;193094.430000;8996553.410000;18
40869;-77.8191146587412;-9.01161073984996;22.000000;HUAYLAS;CARAZ;BETERRAGA;ARSENICO;0.078;SIN PARAMETRO;190030.000000;9002669.000000;18
40870;-77.8356382441896;-9.02468303979514;23.000000;HUAYLAS;CARAZ;QUINUA;ARSENICO;0.016;SIN PARAMETRO;188223.000000;9001208.000000;18
40871;-77.7979382199424;-9.03378118420029;24.000000;HUAYLAS;CARAZ;LECHUGA;ARSENICO;0.019;SIN PARAMETRO;192379.000000;9000233.000000;18
40872;-77.7874152320336;-9.08465507725308;25.000000;HUAYLAS;PUEBLO LIBRE;LECHUGA;ARSENICO;0.272;SIN PARAMETRO;193580.000000;8994611.000000;18
40873;-77.7874152320336;-9.08465507725308;26.000000;HUAYLAS;PUEBLO LIBRE;LECHUGA;PLOMO;0.495;EXCEDE LMP;193580.000000;8994611.000000;18
40874;-77.7869086132206;-9.08379160565178;27.000000;HUAYLAS;PUEBLO LIBRE;ARBEJA;ARSENICO;0.017;SIN PARAMETRO;193635.000000;8994707.000000;18
40875;-77.5762087245361;-10.1457613858893;28.000000;RECUAY;LLACLLIN;TOMATE;ARSENICO;<0.008;SIN PARAMETRO;217696.000000;8877353.000000;18
40876;-77.6172385486523;-10.1008098097211;29.000000;RECUAY;LLACLLIN;TOMATE;ARSENICO;<0.008;SIN PARAMETRO;213157.000000;8882292.000000;18
40877;-77.6172385486523;-10.1008098097211;30.000000;RECUAY;LLACLLIN;TOMATE;CADMIO;0.024;EXCEDE LMP;213157.000000;8882292.000000;18
40878;-77.7298607912299;-9.14615936336137;57.000000;YUNGAY;YUNGAY;MELOCOTON;ARSENICO;<0.025;SIN PARAMETRO;199963.000000;8987852.000000;18
40879;-77.7458796625995;-9.14008712056777;58.000000;YUNGAY;YUNGAY;CARNE DE BOVINO;ARSENICO;0.022;SIN PARAMETRO;198195.970000;8988510.680000;18
40880;-77.7458796625995;-9.14008712056777;59.000000;YUNGAY;YUNGAY;CARNE DE BOVINO;ARSENICO;0.02;SIN PARAMETRO;198195.970000;8988510.680000;18
40881;-78.1112078190736;-9.33876992636533;6.000000;CASMA;BUENA VISTA ALTA;MANZANA;ARSENICO;<0.012;SIN PARAMETRO;817346.000000;8966395.000000;17
40882;-78.0459139442399;-9.50749221489939;7.000000;CASMA;YAUTAN;MANGO;ARSENICO;<0.012;SIN PARAMETRO;824367.000000;8947658.000000;17
40883;-78.104833065876;-9.87763570582519;10.000000;HUARMEY;CULEBRAS;ESPARRAGO;ARSENICO;<0.025;SIN PARAMETRO;817543.340000;8906739.350000;17
40884;-78.150691055502;-10.0846198702218;11.000000;HUARMEY;HUARMEY;ESPARRAGO;ARSENICO;0.111;SIN PARAMETRO;812312.000000;8883871.000000;17
40885;-78.150691055502;-10.0846198702218;12.000000;HUARMEY;HUARMEY;ESPARRAGO;PLOMO;0.117;EXCEDE LMP;812312.000000;8883871.000000;17
40886;-78.0730245138461;-10.0278787461838;13.000000;HUARMEY;HUARMEY;ESPARRAGO;ARSENICO;0.052;SIN PARAMETRO;820888.000000;8890077.000000;17
40887;-78.1429533297972;-10.0802708811069;14.000000;HUARMEY;HUARMEY;ESPARRAGO;ARSENICO;0.067;SIN PARAMETRO;813165.000000;8884345.000000;17
40888;-78.1389171741885;-10.0769204847385;15.000000;HUARMEY;HUARMEY;ESPARRAGO;ARSENICO;0.046;SIN PARAMETRO;813611.000000;8884712.000000;17
40889;-78.1460901882843;-10.0894764909753;16.000000;HUARMEY;HUARMEY;ESPARRAGO;ARSENICO;0.062;SIN PARAMETRO;812812.000000;8883329.000000;17
40890;-78.1572227733596;-10.0674664204632;17.000000;HUARMEY;HUARMEY;ESPARRAGO;ARSENICO;<0.011;SIN PARAMETRO;811612.000000;8885776.000000;17
40891;-78.1572227733596;-10.0674664204632;18.000000;HUARMEY;HUARMEY;ESPARRAGO;ARSENICO;0.012;SIN PARAMETRO;811612.000000;8885776.000000;17
40892;-78.1514405386939;-10.0718848306753;19.000000;HUARMEY;HUARMEY;CARNE DE BOVINO;ARSENICO;0.032;SIN PARAMETRO;812242.060000;8885281.400000;17
40893;-78.1542374694019;-10.0732238368034;20.000000;HUARMEY;HUARMEY;CARNE DE BOVINO;ARSENICO;0.031;SIN PARAMETRO;811933.950000;8885135.850000;17
40894;-78.4860714307858;-8.94303032744594;31.000000;CHIMBOTE;CHIMBOTE;ESPARRAGO;ARSENICO;<0.025;SIN PARAMETRO;776444.000000;9010503.000000;17
40895;-78.5484936455787;-9.06624024295517;32.000000;SANTA;CHIMBOTE;MARACUYA;ARSENICO;0.022;SIN PARAMETRO;769484.320000;8996915.600000;17
40896;-78.5655991861586;-8.95886246363302;33.000000;SANTA;CHIMBOTE;ZANAHORIA;ARSENICO;0.027;SIN PARAMETRO;767682.020000;9008809.910000;17
40897;-78.4764855722355;-8.95984572563092;34.000000;SANTA;CHIMBOTE;MARACUYA;ARSENICO;0.016;SIN PARAMETRO;777486.000000;9008635.000000;17
40898;-78.5205055297672;-8.906837652965;35.000000;SANTA;CHIMBOTE;MARACUYA;ARSENICO;0.018;SIN PARAMETRO;772682.080000;9014533.620000;17
40899;-78.5205055297672;-8.906837652965;36.000000;SANTA;CHIMBOTE;MARACUYA;CADMIO;0.063;EXCEDE LMP;772682.080000;9014533.620000;17
40900;-78.5316311011534;-9.05643853678548;37.000000;SANTA;CHIMBOTE;MARACUYA;ARSENICO;0.028;SIN PARAMETRO;771346.410000;8997987.660000;17
40901;-78.5497150238582;-8.8401217352666;38.000000;SANTA;CHIMBOTE;MANZANA;ARSENICO;<0.025;SIN PARAMETRO;769516.610000;9021937.390000;17
40902;-78.5462917372376;-8.78950669171335;39.000000;SANTA;CHIMBOTE;MANZANA;ARSENICO;0.015;SIN PARAMETRO;769930.150000;9027535.640000;17
40903;-78.5461379561821;-8.78940628044285;40.000000;SANTA;CHIMBOTE;MANZANA;ARSENICO;0.016;SIN PARAMETRO;769947.150000;9027546.640000;17
40904;-78.5713399155184;-9.0663403177452;41.000000;SANTA;CHIMBOTE;CARNE DE BOVINO;ARSENICO;<0.027;SIN PARAMETRO;766971.400000;8996921.400000;17
40905;-78.5840398341915;-9.06859976163173;42.000000;SANTA;CHIMBOTE;CARNE DE BOVINO;ARSENICO;<0.027;SIN PARAMETRO;765572.900000;8996680.700000;17
40906;-78.5061834776761;-9.11233662097537;46.000000;SANTA;NUEVO CHIMBOTE;QUINUA;ARSENICO;<0.011;SIN PARAMETRO;774103.000000;8991783.000000;17
40907;-78.4580506226691;-9.07866391482678;47.000000;SANTA;NUEVO CHIMBOTE;MARACUYA;ARSENICO;0.026;SIN PARAMETRO;779422.870000;8995472.420000;17
40908;-78.4604520936676;-9.08734144047514;48.000000;SANTA;NUEVO CHIMBOTE;MARACUYA;ARSENICO;<0.012;SIN PARAMETRO;779152.000000;8994514.000000;17
40909;-78.4181057739317;-9.10607450726992;49.000000;SANTA;NUEVO CHIMBOTE;PAPRIKA;ARSENICO;0.342;SIN PARAMETRO;783795.000000;8992408.000000;17
40910;-78.4181057739317;-9.10607450726992;50.000000;SANTA;NUEVO CHIMBOTE;PAPRIKA;PLOMO;0.424;EXCEDE LMP;783795.000000;8992408.000000;17
40911;-78.4191264699877;-9.08400162258346;51.000000;SANTA;NUEVO CHIMBOTE;PAPRIKA;ARSENICO;0.192;SIN PARAMETRO;783700.140000;8994851.500000;17
40912;-78.4191264699877;-9.08400162258346;52.000000;SANTA;NUEVO CHIMBOTE;PAPRIKA;CADMIO;0.165;EXCEDE LMP;783700.140000;8994851.500000;17
40913;-78.4191264699877;-9.08400162258346;53.000000;SANTA;NUEVO CHIMBOTE;PAPRIKA;PLOMO;0.164;EXCEDE LMP;783700.140000;8994851.500000;17
40914;-78.4186742292237;-9.10414477884574;54.000000;SANTA;NUEVO CHIMBOTE;PAPRIKA;ARSENICO;0.148;SIN PARAMETRO;783734.000000;8992622.000000;17
40915;-78.4186742292237;-9.10414477884574;55.000000;SANTA;NUEVO CHIMBOTE;PAPRIKA;CADMIO;0.145;EXCEDE LMP;783734.000000;8992622.000000;17
40916;-78.4186742292237;-9.10414477884574;56.000000;SANTA;NUEVO CHIMBOTE;PAPRIKA;PLOMO;0.156;EXCEDE LMP;783734.000000;8992622.000000;17
40917;-77.5308847010607;-9.52737805487569;3.000000;HUARAZ;HUARAZ;CARNE DE BOVINO;ARSENICO;<0.027;SIN PARAMETRO;222148.980000;8945825.300000;18
40918;-77.530919300102;-9.52668733001642;4.000000;HUARAZ;HUARAZ;CARNE DE BOVINO;ARSENICO;<0.027;SIN PARAMETRO;222144.620000;8945901.710000;18
40919;-77.5306250423775;-9.52678010225008;5.000000;HUARAZ;HUARAZ;CARNE DE BOVINO;ARSENICO;0.03;SIN PARAMETRO;222177.020000;8945891.680000;18
40920;-77.5306582987743;-9.52689534635321;6.000000;HUARAZ;HUARAZ;CARNE DE BOVINO;ARSENICO;0.114;SIN PARAMETRO;222173.460000;8945878.900000;18
40921;-77.8113907758578;-9.04102348819432;12.000000;HUAYLAS;CARAZ;CARNE DE BOVINO;ARSENICO;<0.027;SIN PARAMETRO;190905.000000;8999420.000000;18
40922;-77.712017850714;-10.0186833605846;13.000000;RECUAY;PARARIN;TOMATE;CADMIO;0.032;EXCEDE LMP;202687.000000;8891297.000000;18
40923;-77.7228816575988;-10.0141221655055;14.000000;RECUAY;PARARIN;TOMATE;CADMIO;0.03;EXCEDE LMP;201491.000000;8891792.000000;18
40924;-77.710594996247;-10.0207730281546;15.000000;RECUAY;PARARIN;TOMATE;CADMIO;0.041;EXCEDE LMP;202845.000000;8891067.000000;18
40925;-77.7126028452691;-9.19044492083775;18.000000;YUNGAY;YUNGAY;CARNE DE BOVINO;ARSENICO;<0.014;SIN PARAMETRO;201898.170000;8982964.960000;18
40926;-78.2722580432152;-9.48392962636653;1.000000;CASMA;CASMA;PALTA;ARSENICO;0.022;SIN PARAMETRO;799515.650000;8950469.770000;17
40927;-78.0386202275273;-9.51307146797976;2.000000;CASMA;YAUTAN;MANGO;ARSENICO;<0.025;SIN PARAMETRO;825163.270000;8947033.530000;17
40928;-78.1839843471015;-9.91639001333318;7.000000;HUARMEY;CULEBRAS;ESPARRRAGO;ARSENICO;<0.025;SIN PARAMETRO;808819.000000;8902524.000000;17
40929;-78.1823649746949;-9.91396425966047;8.000000;HUARMEY;CULEBRAS;ESPARRRAGO;ARSENICO;<0.025;SIN PARAMETRO;808999.000000;8902791.000000;17
40930;-78.154953881962;-10.0777546865571;9.000000;HUARMEY;HUARMEY;ESPARRRAGO;ARSENICO;0.026;SIN PARAMETRO;811851.000000;8884635.000000;17
40931;-78.1561547803597;-10.0520987770845;10.000000;HUARMEY;HUARMEY;PIENSO PARA AVES;ARSENICO;4.635;EXCEDE LMP;811743.920000;8887476.070000;17
40932;-78.1490927472785;-10.0777041234334;11.000000;HUARMEY;HUARMEY;ESPARRRAGO;ARSENICO;0.029;SIN PARAMETRO;812494.000000;8884635.000000;17
40933;-78.4441031197224;-9.22883686765675;17.000000;SANTA;NEPEÑA;PALTA;ARSENICO;<0.025;SIN PARAMETRO;780839.000000;8978843.000000;17
